NEWID,INCLASS,FINCBTXM,iTotalExp,iFoodAtHome,iFoodAway,iHousing,otherHousing,iUtilites,iClothingAndBeauty,iTransportation,iHealthcare,iEntertainment,iMiscellaneous,iCharitableAndFamilyGiving,iInsurance,iEducation,iHousingPrinciple
2792005,3,23920.0,28012.000000000004,5220.000000000004,1040.0000000000005,6000.0,600.0,5856.0,0.0,4748.0,2444.000000000004,1584.0,519.9999999999995,0.0,0.0,0.0,3612.0
2796105,2,20000.0,27312.00000000001,2600.000000000004,2600.000000000004,15600.0,0.0,1620.0,320.0000000000004,2800.0,0.0,1772.0,0.0,0.0,0.0,0.0,0.0
2796235,3,21938.0,63014.79999999999,7040.000000000004,7139.999999999996,11712.0,7920.0,5876.0,440.0,9604.0,2446.7999999999997,5684.0,752.0,4400.0,0.0,0.0,10572.0
2796415,2,10350.0,8951.999999999996,2079.999999999996,1092.0,2116.0,340.0,3012.0,72.0,180.0,0.0,0.0,60.0,0.0,0.0,0.0,0.0
2798045,2,13907.0,14642.8,2559.999999999996,519.9999999999995,3036.0,476.0,1104.0,416.0,144.0,1798.8000000000002,3688.0,780.0,120.0,0.0,0.0,0.0
2802195,3,21899.4,34838.8,2079.9999999999995,1560.0,1716.0,14188.0,3780.0,684.0,1408.0,7378.799999999999,2044.0,0.0,0.0,0.0,0.0,1376.0
2802735,1,3005.4,17068.0,1248.0,519.9999999999995,10800.0,0.0,3300.0,0.0,360.0,0.0,840.0,0.0,0.0,0.0,0.0,0.0
2803565,5,44000.0,58415.99999999997,1299.999999999996,1040.0000000000005,30192.0,2404.0,3212.0,2479.9999999999995,7476.0,8492.0,0.0,0.0,1820.0,0.0,0.0,7464.0
2806925,6,54656.0,40080.0,2600.000000000004,3483.9999999999964,8704.000000000002,11420.0,3216.0,1224.0,5856.000000000001,2447.9999999999955,856.0,192.0,80.0,0.0,0.0,2732.000000000001
2807685,5,49000.0,26900.000000000015,2600.000000000004,260.0000000000004,11892.0,2548.000000000004,3408.0,0.0,2560.0,2572.000000000004,1060.0,0.0,0.0,0.0,0.0,4424.0
2807955,7,130000.0,33168.0,2340.0,416.0000000000004,12300.0,4164.000000000004,3028.0,2304.0,2619.999999999999,200.0,2236.0,0.0,3560.0,0.0,0.0,3260.0
2809785,1,8753.6,8923.999999999998,2547.999999999996,3276.0,1080.0,480.0,120.0,279.99999999999994,720.0,0.0,420.0,0.0,0.0,0.0,0.0,0.0
2812475,6,59678.8,36356.0,4680.0,2600.000000000004,11040.0,3120.0,1460.0,1340.0,11072.0,-36.0,240.0,0.0,840.0,0.0,0.0,0.0
2813105,4,32259.0,15872.0,1856.000000000004,1299.999999999996,7068.0,64.0,1000.0,120.0,1248.0,2916.0,0.0,100.0,200.0,0.0,0.0,0.0
2813805,3,27508.0,29746.79999999999,2235.999999999996,624.0,12480.0,536.0,2128.0,360.0,4803.999999999999,4318.799999999999,1420.0,600.0,240.0,0.0,0.0,0.0
2836404,2,14259.0,18715.99999999999,2571.999999999996,1064.0000000000005,4356.0,3839.999999999996,3464.0,0.0,1284.0,0.0,1416.0,0.0,720.0,0.0,0.0,1716.0
2837844,2,14095.0,21926.799999999996,2912.000000000004,615.9999999999995,9228.0,39.999999999999964,1756.0,700.0,720.0,1258.8000000000002,4696.0,0.0,0.0,0.0,0.0,0.0
2838894,2,11052.0,5567.999999999996,2079.999999999996,416.0000000000004,408.0,0.0,708.0,1272.0,600.0,0.0,0.0,84.0,0.0,0.0,0.0,0.0
2839314,6,53671.0,54425.99999999997,8759.999999999996,3840.000000000001,8556.0,8554.0,2056.0,531.9999999999995,5104.0,9532.0,2792.0,1499.999999999996,3200.0,0.0,0.0,3132.0
2844824,2,11759.0,18835.999999999993,4680.0,2079.999999999996,2604.0,2320.0,852.0,1752.0,1148.0,0.0,1800.0,759.9999999999995,840.0,0.0,0.0,0.0
2868084,7,73075.0,49135.99999999999,3120.0,5999.999999999996,11892.0,12512.0,3164.0,1415.9999999999998,1480.0,3240.0,3232.0,600.0,2480.0,0.0,0.0,6660.0
2876224,7,75000.0,21880.000000000004,2883.999999999996,1064.0000000000005,11220.0,559.9999999999999,2160.0,311.9999999999996,2352.0,80.00000000000003,1248.0,0.0,0.0,0.0,0.0,0.0
2878484,2,12359.0,11355.999999999996,3951.9999999999964,363.9999999999996,4632.0,0.0,620.0,120.0,288.0,1320.0,60.0,0.0,0.0,0.0,0.0,0.0
2923013,3,20459.0,18640.0,3380.0000000000036,1040.0000000000005,6000.0,480.0,5580.0,519.9999999999997,0.0,0.0,920.0,0.0,720.0,0.0,0.0,0.0
2924253,7,109355.0,34615.99999999999,1880.0000000000005,3360.0,13200.0,792.0,4852.0,2880.0,4987.999999999999,552.0,1632.0,180.0,300.0,0.0,0.0,0.0
2925203,2,12198.2,15471.999999999998,3120.0,40.0,5232.0,296.0,2324.0,1576.0000000000002,448.0,1320.0,1116.0,0.0,0.0,0.0,0.0,0.0
2926533,2,14363.0,33226.80000000001,3380.000000000004,1040.0000000000005,6980.000000000004,0.0,1440.0,1087.9999999999998,8480.0,9258.800000000001,0.0,1560.0,0.0,0.0,0.0,0.0
2926783,3,24619.0,37452.0,4160.000000000005,2279.999999999996,9984.0,4920.0,4328.0,760.0,2800.0,2140.0,2340.0,140.0,3600.0,0.0,0.0,3588.0
2927473,7,90111.0,48343.99999999999,5199.999999999995,519.9999999999995,18600.0,2620.0,3516.0,1480.000000000004,7380.0,3199.999999999996,4780.0,0.0,1048.0,0.0,0.0,0.0
2930593,2,12899.0,10260.0,3144.0,24.0,3600.0,0.0,2472.0,0.0,60.0,0.0,960.0,0.0,0.0,0.0,0.0,0.0
2930673,1,3410.0,29922.79999999999,2547.999999999996,1407.999999999996,17508.0,540.0,4740.0,0.0,600.0,1258.8000000000002,1320.0,0.0,0.0,0.0,0.0,2124.0
2931753,2,18899.0,23754.8,3135.999999999996,3196.0,9060.0,600.0,856.0,52.0,1024.0,4306.799999999999,1404.0,0.0,120.0,0.0,0.0,0.0
2932433,3,25061.0,22082.8,3120.0,1040.0000000000005,6252.0,2519.999999999996,1376.0,400.0,1760.0,2530.7999999999997,844.0,0.0,2240.0,0.0,0.0,1828.0
2945763,4,31427.8,33384.79999999999,4319.999999999996,3219.999999999996,5360.0,2233.9999999999995,2520.0,200.0000000000004,3000.0,10202.8,2328.0,0.0,0.0,0.0,0.0,0.0
2948914,2,14000.0,11700.0,2580.0,2079.999999999996,4800.0,0.0,1200.0,39.999999999999964,399.9999999999996,0.0,480.0,120.0,0.0,0.0,0.0,0.0
2949843,4,36259.4,17512.000000000004,1820.000000000004,1299.999999999996,1332.0,2852.000000000004,6716.0,0.0,792.0,1200.0,1260.0,0.0,240.0,0.0,0.0,0.0
2950873,4,32159.0,39362.8,4160.000000000005,5199.999999999995,14484.0,3980.0,2332.0,304.0,3392.0,2746.7999999999997,1560.0,1204.0,0.0,0.0,0.0,1536.0
2951623,4,37733.6,47430.79999999999,5460.0,2600.000000000004,21084.0,11479.999999999996,2688.0,0.0,1479.9999999999998,1258.8000000000002,1380.0,0.0,0.0,0.0,0.0,11800.0
2954963,2,12203.0,13459.999999999998,3120.0,1040.0000000000005,7200.0,0.0,516.0,0.0,600.0,984.0,0.0,0.0,0.0,0.0,0.0,0.0
2989102,7,116789.6,48976.0,4539.999999999995,1679.999999999996,14087.999999999996,6859.999999999996,5420.0,2483.9999999999995,2208.0,3512.000000000001,6672.0,252.0,1260.0,0.0,0.0,12019.999999999996
2989332,6,53000.0,22580.000000000007,4680.0,519.9999999999995,8712.0,2168.000000000004,2616.0,0.0,2672.0,900.0,312.0,0.0,0.0,0.0,0.0,2636.0
2990172,3,25523.0,13710.800000000007,1584.0000000000002,984.0,1520.000000000004,4132.0,720.0,195.99999999999994,948.0,2086.8,1160.0,0.0,380.0,0.0,0.0,0.0
2994382,6,60000.0,30491.999999999993,2340.0,2399.999999999996,12300.0,1508.0,940.0,159.99999999999963,4020.0,2820.0,3204.0,0.0,800.0,0.0,0.0,0.0
2995002,6,54108.2,26066.79999999996,2028.0,1820.000000000004,12171.99999999996,1300.0,1164.0,180.0,720.0,5558.799999999999,1104.0,0.0,20.0,0.0,0.0,0.0
2997172,1,9160.0,4470.8,24.0,24.0,3000.0,20.0,144.0,0.0,0.0,1258.8000000000002,0.0,0.0,0.0,0.0,0.0,0.0
2997622,5,50000.0,30859.999999999985,3471.9999999999964,1299.999999999996,6600.0,3279.999999999996,3916.0,1816.0,8320.000000000002,0.0,704.0,684.0,768.0,0.0,0.0,0.0
2999572,1,6947.0,15703.999999999996,960.0,156.0,9600.0,1299.999999999996,2732.0,0.0,956.0,0.0,0.0,0.0,0.0,0.0,0.0,7972.0
2999792,3,26000.0,33514.799999999996,2319.999999999996,260.0000000000004,19104.0,0.0,1900.0,140.0,1440.0,5990.800000000001,2360.0,0.0,0.0,0.0,0.0,0.0
3000382,6,54000.0,32926.8,3120.0,1040.0000000000005,9780.0,3568.0,5668.0,1272.0,3815.9999999999995,3922.800000000004,688.0,52.0,0.0,0.0,0.0,0.0
3002802,2,16716.0,14582.800000000003,2964.0,51.999999999999964,7620.0,0.0,400.0,48.0,336.0,1258.8000000000002,1904.0,0.0,0.0,0.0,0.0,0.0
3007752,4,34752.4,24492.000000000004,2600.000000000004,780.0,5316.0,5280.0,2548.0,0.0,1312.0000000000002,3828.0,868.0,0.0,1960.0,0.0,0.0,1576.0
3008102,3,22879.0,54542.8,5700.0,4600.000000000004,12300.0,9347.999999999996,3180.0,1032.0,10528.0,2318.8,3696.0,240.0,1600.0,0.0,0.0,5424.0
3008562,3,24319.0,18538.8,4680.0,260.0000000000004,4740.0,1358.0000000000005,2740.0,356.0,204.0,3070.7999999999997,600.0,330.0,200.0,0.0,0.0,1532.0
3009022,5,41079.0,31070.800000000003,3639.9999999999964,1040.0000000000005,5244.0,2460.0,2700.0,336.0,4615.999999999999,4814.800000000004,1520.0,699.9999999999995,4000.0,0.0,0.0,3644.0
3045792,5,41871.0,32370.800000000003,6639.999999999995,1040.0000000000005,6492.0,2368.000000000004,3324.0,420.0,4679.999999999999,4302.8,2752.0,152.0,200.0,0.0,0.0,5436.0
3047321,2,15683.0,16548.799999999996,2103.999999999996,24.0,4836.0,69.99999999999997,2192.0,100.00000000000003,3468.0,3058.8,684.0,12.0,0.0,0.0,0.0,3528.0
3047452,1,4655.0,33106.79999999999,2079.999999999996,3900.0,8400.0,6460.000000000004,2180.0,300.0,1356.0000000000002,4606.799999999999,1308.0,100.0,2416.0,0.0,0.0,2944.0
3048214,1,8868.0,3827.999999999999,543.9999999999995,180.0,2256.0,0.0,608.0,60.0,120.0,60.0,0.0,0.0,0.0,0.0,0.0,0.0
3049653,2,14504.4,21032.0,2547.999999999996,104.00000000000003,5700.0,3759.999999999996,2532.0,200.0000000000004,2708.0,1776.0,1704.0,0.0,0.0,0.0,0.0,0.0
3049801,3,23256.0,18034.800000000007,1720.0,320.0,8100.0,360.0,796.0,80.00000000000003,1476.0,3586.7999999999997,900.0,96.0,600.0,0.0,0.0,0.0
3049841,3,26385.0,19274.799999999992,4263.999999999995,228.0,7056.0,260.0,424.0,403.9999999999996,3876.0,2170.8,492.0,0.0,100.0,0.0,0.0,0.0
3050252,3,26304.0,25482.800000000007,4680.0,1040.0000000000005,7800.0,3624.0,660.0,600.0,2492.0,1258.8000000000002,2608.0,0.0,720.0,0.0,0.0,0.0
3050302,4,31059.0,17226.800000000003,1820.000000000004,1299.999999999996,5400.0,208.0,2016.0,840.0,4384.0,1258.8000000000002,0.0,0.0,0.0,0.0,0.0,0.0
3050894,4,36289.4,49296.00000000003,2624.000000000004,2624.000000000004,4404.0,4660.0,4648.0,1168.0,13672.0,12600.0,2416.0,0.0,480.0,0.0,0.0,868.0
3051174,1,7678.2,12023.999999999996,3435.999999999999,2695.999999999996,1296.0,0.0,1400.0,0.0,2500.0000000000005,0.0,696.0,0.0,0.0,0.0,0.0,0.0
3051712,7,136281.1,31139.999999999996,519.9999999999995,4300.0,9168.0,4888.0,2324.0,848.0,3328.0,96.0,1868.0,200.0,3600.0,0.0,0.0,1028.0
3051763,3,21551.0,25196.000000000004,1560.0,1460.0000000000002,3468.0,4556.0,3636.0,0.0,2136.0,4528.0,3780.0,72.0,0.0,0.0,0.0,420.0
3052744,5,43620.0,28460.000000000004,3080.000000000004,1800.0,5352.0,2756.0,1792.0,1424.0,2544.0,4404.0,4440.0,168.0,700.0,0.0,0.0,1444.0
3052981,1,9659.0,7455.999999999996,3275.999999999997,519.9999999999995,2868.0,0.0,720.0,0.0,24.0,12.0,0.0,36.0,0.0,0.0,0.0,0.0
3054262,4,32046.0,25758.800000000007,3880.000000000005,1140.0,7920.0,7500.000000000004,2500.0,520.0,800.0,1258.8000000000002,0.0,240.0,0.0,0.0,0.0,2904.0
3054851,3,22397.6,35158.79999999999,4059.999999999996,1299.999999999996,12811.999999999996,5700.000000000004,3280.0,159.99999999999963,2264.0,3370.7999999999997,1008.0,1204.0000000000005,0.0,0.0,0.0,7295.999999999996
3057532,2,16645.0,23982.8,1820.000000000004,3900.0,12180.0,400.0,1996.0,584.0,900.0,1338.8000000000002,864.0,0.0,0.0,0.0,0.0,0.0
3057801,1,2480.0,18634.79999999999,1323.999999999996,543.9999999999995,8307.999999999996,516.0,224.0,1120.0,720.0,5318.799999999999,560.0,0.0,0.0,0.0,0.0,0.0
3058382,2,19591.0,15992.800000000001,2199.999999999996,1820.000000000004,3012.0,1106.0,1692.0,1320.0,1272.0,1626.8000000000002,1008.0,136.0,800.0,0.0,0.0,2904.0
3059701,1,8930.0,18400.799999999992,2547.999999999996,416.0000000000004,2988.0,1142.0,1704.0,0.0,3411.9999999999995,4906.799999999999,1284.0,0.0,0.0,0.0,0.0,1860.0
3059902,2,15719.2,19478.799999999996,2775.999999999996,780.0,8520.0,368.0,556.0,480.0,960.0,2566.7999999999997,1272.0,0.0,1200.0,0.0,0.0,0.0
3060643,2,13440.0,25380.0,6783.999999999996,699.9999999999995,3012.0,644.0,7224.0,168.0,3043.999999999999,264.0,0.0,0.0,3540.0,0.0,0.0,2904.0
3061603,1,5315.0,43874.8,9140.000000000004,900.0,18000.0,2540.0,3300.0,1539.9999999999998,480.0,3898.7999999999997,2636.0,1440.0000000000002,0.0,0.0,0.0,0.0
3071581,6,56705.0,22974.800000000007,2259.999999999996,1820.000000000004,4800.0,1040.0,3828.0,840.0000000000002,2396.0,2338.7999999999997,1652.0,0.0,2000.0,0.0,0.0,0.0
3072212,4,38000.0,33842.8,3015.999999999996,2604.0,11360.000000000004,832.0,2360.0,867.9999999999995,679.9999999999999,7866.8,2416.0,0.0,1840.0,0.0,0.0,0.0
3072761,6,68000.0,44452.0,2547.999999999999,4580.0,18936.0,5872.000000000004,4020.0,0.0,3500.0,3560.0,1356.0,0.0,80.0,0.0,0.0,13760.0
3074031,2,18539.0,27094.800000000003,3120.0,2600.000000000004,7728.0,3404.0,2508.0,600.0,3020.0,2506.8,1608.0,0.0,0.0,0.0,0.0,2772.0
3074924,2,15365.0,24906.799999999996,1143.9999999999995,260.0000000000004,11556.0,400.0,732.0,436.0,2928.0,5774.799999999999,0.0,0.0,1676.0,0.0,0.0,0.0
3075174,2,16783.6,14148.0,936.0,363.9999999999996,5760.0,2312.0,552.0,260.0000000000004,944.0,728.0,732.0,1560.0,0.0,0.0,0.0,0.0
3075451,3,25697.0,15784.799999999997,5199.999999999995,312.0,4128.0,470.0000000000004,1596.0,312.0,744.0,3022.7999999999997,0.0,0.0,0.0,0.0,0.0,1216.0
3078731,1,9792.0,27360.0,2175.999999999996,2000.0000000000002,9120.0,10052.0,468.0,272.0,720.0,3.9999999999999964,2200.0,108.0,240.0,0.0,0.0,0.0
3078803,1,8465.0,15434.799999999997,2547.999999999996,519.9999999999995,3900.0,0.0,1912.0,0.0,3088.0,2426.8,0.0,1040.0000000000005,0.0,0.0,0.0,0.0
3079682,1,6986.8,26692.0,3012.0,2211.999999999996,5808.0,1952.000000000004,4968.0,0.0,5800.0,1944.0,996.0,0.0,0.0,0.0,0.0,2200.0
3082542,2,19487.0,14263.999999999996,1299.999999999996,519.9999999999995,6300.0,1068.0,2780.0,44.000000000000036,240.0,480.0,1532.0,0.0,0.0,0.0,0.0,0.0
3083612,3,25320.0,34566.799999999996,5520.000000000001,2080.0000000000005,2820.0,5955.999999999999,5112.0,192.0,6912.000000000002,4462.799999999999,1272.0,240.0,0.0,0.0,0.0,824.0
3084352,3,23532.0,21476.799999999996,2079.999999999996,780.0,6216.0,2177.9999999999995,2896.0,720.0,480.0,3094.7999999999997,2232.0,0.0,800.0,0.0,0.0,3796.0
3086351,3,26505.4,22522.800000000003,3680.0000000000036,1887.999999999996,4428.0,3420.000000000004,1688.0,2880.0,1120.0,1306.8000000000002,2112.0,0.0,0.0,0.0,0.0,2232.0
3086861,1,3000.0,49254.8,2060.000000000004,260.0000000000004,16199.999999999996,4740.000000000004,6132.0,1172.0000000000002,2192.0,7378.799999999999,4960.0,0.0,4160.0,0.0,0.0,15775.999999999996
3087833,3,20963.0,17470.799999999996,1299.9999999999998,3120.0,4800.0,80.0,3820.0,79.99999999999997,1200.0,1498.8000000000002,1200.0,72.0,300.0,0.0,0.0,0.0
3087874,4,30504.0,27614.8,1664.000000000004,583.9999999999995,13552.0,820.0,2980.0,200.00000000000006,1156.0,4570.8,888.0,1200.0,0.0,0.0,0.0,0.0
2815515,3,22439.0,18006.8,3120.000000000003,1040.0000000000005,7272.0,0.0,360.0,360.0,36.0,2218.8,0.0,0.0,3600.0,0.0,0.0,0.0
2817485,2,11363.0,23262.8,4167.999999999999,604.0000000000007,9816.0,2000.0,2064.0,800.0,48.0,2710.7999999999997,1052.0,0.0,0.0,0.0,0.0,0.0
2818165,3,20459.0,43026.79999999999,2991.999999999996,1812.0,20496.0,7892.000000000004,2180.0,0.0,2252.0,3658.7999999999997,1744.0,0.0,0.0,0.0,0.0,6176.0
2820575,5,46387.0,31340.000000000004,3120.0,624.0,7128.0,4784.000000000005,7564.0,0.0,4100.0,1312.0,1008.0,60.0,1640.0,0.0,0.0,4264.0
2821865,3,21106.0,38401.99999999999,3639.9999999999964,3699.9999999999964,11736.0,5514.0,1460.0,0.0,8488.0,2856.0,1008.0,0.0,0.0,0.0,0.0,4696.0
2824555,7,77545.0,46952.00000000003,3620.0000000000036,2600.000000000004,17340.0,6199.999999999995,5520.0,300.0,1952.0,9420.0,0.0,0.0,0.0,0.0,0.0,2240.0
2836405,2,10859.0,19735.999999999996,2592.0,1116.0,4356.0,2499.999999999996,3420.0,216.0,2060.0,1560.0,1196.0,0.0,720.0,0.0,0.0,1752.0
2837005,2,11615.0,22371.999999999996,1872.0,780.0,2568.0,908.0,1340.0,559.9999999999997,12568.0,0.0,1296.0,240.0,240.0,0.0,0.0,0.0
2838895,2,11052.0,4607.999999999996,2475.999999999996,260.0000000000004,392.0000000000004,0.0,376.0,384.0,300.0,0.0,0.0,0.0,420.0,0.0,0.0,0.0
2844825,2,12309.2,13250.799999999996,2079.999999999996,2079.999999999996,2592.0,1200.0,912.0,300.0,1108.0,1258.8000000000002,0.0,879.9999999999998,840.0,0.0,0.0,0.0
2873215,3,24043.6,14802.800000000001,2600.000000000004,260.0000000000004,7200.0,0.0,1220.0,248.0000000000004,1308.0,1258.8000000000002,708.0,0.0,0.0,0.0,0.0,0.0
2876225,7,75000.0,21867.999999999993,1560.0,519.9999999999995,11220.0,411.99999999999994,2220.0,216.0000000000004,2792.0,1535.999999999996,1392.0,0.0,0.0,0.0,0.0,0.0
2904094,2,14858.4,18731.999999999956,312.0,363.9999999999996,15687.99999999996,28.0,1052.0,72.0,0.0,1200.0,16.0,0.0,0.0,0.0,0.0,0.0
2905914,7,80809.2,45236.00000000002,3428.0000000000036,7280.000000000004,12768.0,7160.0,6052.0,1303.9999999999998,3960.0,664.0,1420.0,0.0,1200.0,0.0,0.0,8148.0
2906194,3,27503.0,34682.79999999999,5019.999999999995,1299.999999999996,19332.0,660.0,1800.0,2420.0,624.0,2842.7999999999997,144.0,240.0,300.0,0.0,0.0,0.0
2906584,5,46236.0,24283.999999999993,4419.999999999995,2079.999999999996,10200.0,1236.0,1480.0,528.0,680.0,3000.0,660.0,0.0,0.0,0.0,0.0,0.0
2908074,6,55000.0,29811.999999999996,3120.0,519.9999999999995,18240.0,248.0,2392.0,1600.0,2348.0,0.0,1344.0,0.0,0.0,0.0,0.0,0.0
2923014,3,20459.0,15939.999999999998,3879.9999999999964,519.9999999999995,6000.0,120.0,3900.0,0.0,0.0,0.0,920.0,0.0,600.0,0.0,0.0,0.0
2925104,3,27884.0,18434.799999999996,2199.999999999996,416.0000000000004,2868.0,3644.0,4600.0,364.0,1352.0000000000002,1918.8000000000002,352.0,600.0,120.0,0.0,0.0,2372.0
2926784,3,24859.0,38876.000000000015,3380.0000000000036,1560.0,9984.0,5532.0,4388.0,920.0,5068.0,2460.0,1984.0,0.0,3600.0,0.0,0.0,3636.0
2930594,2,12899.0,14276.0,2592.0,1332.0,3600.0,3200.0,1080.0,0.0,120.0,0.0,2352.0,0.0,0.0,0.0,0.0,0.0
2930674,1,3410.0,19990.799999999996,2931.999999999999,1652.0000000000005,6888.0,900.0,4440.0,0.0,600.0,1258.8000000000002,1320.0,0.0,0.0,0.0,0.0,764.0
2931754,2,17579.0,23346.8,4280.000000000005,1299.999999999996,9060.0,800.0,980.0,388.0,120.0,5218.800000000001,784.0,396.0,20.0,0.0,0.0,0.0
2932904,7,105297.4,67220.00000000003,5480.000000000005,2840.0000000000036,31572.0,14127.999999999996,3376.0,2960.0,1516.0,3496.0,1692.0,0.0,160.0,0.0,0.0,9084.0
2951624,5,42804.8,37830.8,2600.000000000004,2600.000000000004,18648.0,5499.999999999995,2740.0,140.00000000000037,2076.0,1858.8000000000002,1668.0,0.0,0.0,0.0,0.0,11280.0
2951784,3,22495.0,18064.000000000015,2704.000000000005,416.0000000000004,9900.0,595.9999999999999,832.0,796.0000000000002,1376.0,12.0,960.0,432.0,40.0,0.0,0.0,0.0
2954404,4,35000.0,17851.999999999996,519.9999999999995,780.0,9600.0,0.0,2736.0,0.0,216.0,4000.0,0.0,0.0,0.0,0.0,0.0,0.0
2967283,3,26409.8,18240.000000000007,3436.000000000005,632.0000000000005,6300.0,440.0,1208.0,0.0,720.0,4304.0,1200.0,0.0,0.0,0.0,0.0,0.0
2967743,2,18059.0,8966.8,1560.0,519.9999999999995,3780.0,0.0,480.0,0.0,360.0,1258.8000000000002,1008.0,0.0,0.0,0.0,0.0,0.0
2969953,1,9728.0,16946.8,2568.0,260.0000000000004,8892.0,468.0,1604.0,0.0,0.0,2782.7999999999997,372.0,0.0,0.0,0.0,0.0,0.0
2972265,6,55659.0,21448.0,3063.999999999996,1020.0,5856.0,104.0,720.0,80.00000000000003,1944.0,1680.0,5720.0,60.0,1200.0,0.0,0.0,0.0
2975933,2,13185.4,23791.99999999999,2112.0,2199.999999999996,10344.0,456.0,1524.0,439.9999999999999,3619.9999999999995,0.0,1676.0,1299.999999999996,120.0,0.0,0.0,0.0
2978103,2,15826.0,27910.799999999996,3120.0,1820.000000000004,6600.0,444.0,336.0,323.99999999999994,5064.0,6834.8,2556.0,228.0,584.0,0.0,0.0,0.0
2978223,2,10259.0,10235.999999999996,1299.999999999996,780.0,4200.0,0.0,1004.0,360.0,840.0,504.0,1248.0,0.0,0.0,0.0,0.0,0.0
2989333,6,53000.0,26688.000000000015,2600.000000000004,1040.0000000000005,8712.0,3900.000000000004,2232.0,80.00000000000003,3312.0,420.0,4392.0,0.0,0.0,0.0,0.0,2664.0
2992033,5,40296.4,26475.999999999996,1160.0000000000005,1160.0000000000005,9600.0,2896.0,2436.0,600.0,5563.999999999997,880.0,1940.0,240.0,0.0,0.0,0.0,0.0
2993303,1,1329.2,28018.799999999992,2340.0,519.9999999999995,19200.0,680.0,2860.0,80.0,360.0,1258.8000000000002,560.0,0.0,160.0,0.0,0.0,0.0
2994253,3,20188.0,18979.999999999993,4919.999999999996,1100.0,1620.0,1728.0000000000002,2464.0,1143.9999999999993,472.0,892.0,3804.0,0.0,836.0,0.0,0.0,0.0
2996573,4,34787.6,36662.0,1940.000000000004,5199.999999999995,8244.0,2250.0000000000005,6196.0,1180.0,2104.0,6840.0,1524.0,684.0,500.0,0.0,0.0,4004.0
2997623,5,50000.0,37896.0,1299.999999999996,1820.000000000004,6600.0,2419.999999999996,7604.0,256.0,14124.0,792.0,1876.0,1104.0,0.0,0.0,0.0,0.0
2999573,2,19084.0,26564.0,1560.0,51.999999999999964,19200.0,2859.999999999996,1680.0,0.0,852.0,0.0,360.0,0.0,0.0,0.0,0.0,13448.0
2999793,3,26000.0,20347.999999999996,2103.999999999996,24.0,4776.0,0.0,1680.0,720.0,1200.0,8260.0,1584.0,0.0,0.0,0.0,0.0,0.0
3002803,2,16716.0,15832.0,3900.0,416.0000000000004,8340.0,872.0,1032.0,120.0,736.0000000000001,0.0,416.0,0.0,0.0,0.0,0.0,0.0
3007753,4,35782.6,22224.0,2036.000000000004,1299.999999999996,5316.0,3384.0,2224.0,0.0,1576.0,4556.0,1636.0,196.0,0.0,0.0,0.0,1592.0
3008103,3,22879.0,42356.000000000015,3800.000000000004,5980.0,12300.0,9443.999999999996,1668.0,720.0,3680.0,520.0,2164.0,480.0,1600.0,0.0,0.0,5496.0
3008563,3,24319.0,24678.8,4836.0,519.9999999999995,4740.0,4038.0000000000005,2740.0,480.0,1800.0,3982.7999999999997,888.0,334.0,320.0,0.0,0.0,1548.0
3008733,1,5340.0,20872.800000000007,9696.0,783.9999999999995,1280.0,110.00000000000003,1776.0,1260.0000000000002,964.0,3322.7999999999997,120.0,120.0,1440.0,0.0,0.0,0.0
3009023,5,41103.0,30816.8,3639.9999999999964,1440.0000000000002,5244.0,5744.0,2856.0,820.0000000000002,3752.0,2890.7999999999997,1800.0,630.0,2000.0,0.0,0.0,3732.0
3047453,1,4655.0,38046.799999999996,1692.0000000000002,4996.0,8400.0,4468.000000000004,2508.0,248.0,10560.0,1746.7999999999997,1748.0,0.0,1680.0,0.0,0.0,2868.0
3049842,3,26385.0,20203.999999999993,4784.000000000005,260.0000000000004,7119.999999999996,2703.9999999999995,372.0,655.9999999999995,2404.0,912.0,612.0,0.0,380.0,0.0,0.0,0.0
3050813,1,8640.0,23733.999999999996,5199.999999999995,3900.0,3984.0,873.9999999999997,3504.0,2400.0,1292.0,2580.0,0.0,0.0,0.0,0.0,0.0,2172.0
3051713,7,136281.1,22616.000000000004,1299.999999999996,2600.000000000004,9240.0,3348.0,2040.0,80.00000000000003,1608.0,0.0,1800.0,0.0,600.0,0.0,0.0,1108.0
3052874,4,38928.8,27814.799999999996,2600.000000000004,1299.999999999996,11268.0,2967.999999999996,3408.0,0.0,1200.0,2842.7999999999997,876.0,1352.000000000004,0.0,0.0,0.0,1332.0
3052982,1,9659.0,10611.999999999998,3484.000000000005,519.9999999999995,5475.999999999996,0.0,780.0,8.0,180.0,48.0,8.0,108.0,0.0,0.0,0.0,0.0
3054132,2,15659.0,10578.799999999997,2859.999999999996,1040.0000000000005,1668.0,0.0,1336.0,1400.0,220.0,1974.8000000000002,0.0,0.0,80.0,0.0,0.0,0.0
3054852,7,141687.0,43602.79999999999,3960.0,1560.0,14411.999999999996,9700.000000000004,3388.0,120.0,1120.0,7338.800000000001,796.0,1208.0000000000005,0.0,0.0,0.0,9103.999999999996
3055362,2,14927.0,12666.8,2223.999999999996,144.0,7440.0,360.0,1200.0,39.999999999999964,0.0,1258.8000000000002,0.0,0.0,0.0,0.0,0.0,0.0
3056254,5,45062.4,32630.799999999996,2000.000000000004,780.0,8832.0,3971.9999999999964,2556.0,1227.9999999999998,6024.0,2286.8,1524.0,212.0,3216.0,0.0,0.0,3192.0
3057533,2,16645.0,23178.799999999992,1299.999999999996,3120.0,12180.0,0.0,1524.0,400.0,2400.0,1418.8000000000002,636.0,200.0,0.0,0.0,0.0,0.0
3057802,1,2480.0,17775.999999999996,1560.0,1040.0000000000005,4284.0,12.0,228.0,1108.0,780.0,7456.0,588.0,0.0,720.0,0.0,0.0,0.0
3058383,2,19591.0,16016.799999999996,1100.0000000000005,1160.0000000000005,3012.0,1298.0,2400.0,720.0000000000005,1248.0,1366.8000000000002,1312.0,0.0,2400.0,0.0,0.0,2940.0
3059702,1,8882.0,31400.800000000003,8580.0,2340.0,2988.0,4886.0,1704.0,1740.0,2832.0,4770.799999999999,876.0,684.0,0.0,0.0,0.0,2016.0
3059903,2,15741.8,23858.799999999992,2592.0,543.9999999999995,11040.0,444.0,408.0,1043.9999999999998,900.0,3162.7999999999997,1304.0,720.0,1700.0,0.0,0.0,0.0
3072762,6,69153.0,34808.0,1299.999999999996,2600.000000000004,16560.0,5312.000000000004,2820.0,800.0,2884.0,1692.0,480.0,360.0,0.0,0.0,0.0,2072.0
3074503,5,40763.0,23251.999999999996,2340.0,1400.0,9300.0,528.0,2432.0,399.9999999999996,780.0000000000001,4500.0,1572.0,0.0,0.0,0.0,0.0,0.0
3078513,2,16391.0,12515.999999999996,2991.999999999996,1812.0,2976.0,0.0,3500.0,0.0,0.0,0.0,768.0,468.0,0.0,0.0,0.0,0.0
3078732,1,9792.0,16683.999999999993,1680.0,1280.0000000000002,8460.0,380.0,856.0,103.99999999999991,2720.0,484.0,480.0,0.0,240.0,0.0,0.0,0.0
3078804,1,9665.0,11591.999999999995,2079.999999999996,519.9999999999995,4200.0,0.0,1744.0,0.0,1196.0,812.0,0.0,1040.0000000000005,0.0,0.0,0.0,0.0
3079544,2,13367.0,10472.8,1560.0,519.9999999999995,3252.0,69.99999999999997,2816.0,0.0,240.0,1498.8000000000002,516.0,0.0,0.0,0.0,0.0,1076.0
3079683,3,25060.0,25672.000000000004,3020.000000000004,1884.0,7800.0,1860.0000000000005,3212.0,0.0,3540.0,3360.0,996.0,0.0,0.0,0.0,0.0,2632.0
3082684,2,17643.0,28336.799999999992,2600.000000000004,519.9999999999995,6036.0,770.0000000000005,3168.0,99.99999999999997,960.0,13078.800000000001,960.0,144.0,0.0,0.0,0.0,2184.0
3083613,3,25320.0,26142.8,5720.000000000005,2079.999999999996,2820.0,2976.0,3072.0,0.0,4192.0,4550.799999999999,732.0,0.0,0.0,0.0,0.0,836.0
3083892,2,16079.0,14126.800000000001,1820.000000000004,1299.999999999996,1608.0,1608.0,2368.0,80.00000000000003,1228.0000000000002,3606.7999999999997,328.0,0.0,180.0,0.0,0.0,1476.0
3084353,6,62667.4,19990.0,3120.0,1040.0000000000005,6216.0,1449.9999999999995,3636.0,720.0,616.0,1392.0,1800.0,0.0,0.0,0.0,0.0,3888.0
3088682,2,18671.0,15320.000000000002,2340.0,519.9999999999995,3600.0,216.0,2952.0,304.0,240.0,4092.0,1056.0,0.0,0.0,0.0,0.0,0.0
3089933,3,25522.2,19038.800000000007,4400.000000000005,1040.0000000000005,3600.0,76.0,2964.0,120.0,1775.9999999999998,3562.7999999999997,1080.0,420.0,0.0,0.0,0.0,0.0
3091083,5,49187.0,35264.0,2340.0,519.9999999999995,8016.0,9832.0,1472.0,44.0,10120.0,1460.0,1260.0,0.0,200.0,0.0,0.0,0.0
3091212,2,15807.0,33526.8,4160.000000000005,3120.0,5940.0,9468.0,3716.0,1784.0,2928.0,1606.8000000000002,504.0,0.0,300.0,0.0,0.0,1976.0
3091321,5,46955.2,71052.00000000003,4160.000000000005,1560.0,29100.0,12431.999999999996,6128.0,0.0,5760.0,10880.000000000004,1032.0,0.0,0.0,0.0,0.0,10752.0
3091844,7,100875.6,43887.99999999999,7800.0,5640.0,10788.0,3672.0,2620.0,240.0,6280.0,4800.0,1008.0,1040.0000000000005,0.0,0.0,0.0,3004.0
3093501,2,12370.6,12503.999999999995,2439.999999999996,1040.0000000000005,4200.0,216.00000000000006,480.0,320.0,2524.0,0.0,1244.0,0.0,40.0,0.0,0.0,0.0
3093861,2,13843.2,15395.999999999998,1584.0,1064.0000000000005,7800.0,256.0,1032.0,1272.0,300.0,0.0,1908.0,0.0,180.0,0.0,0.0,0.0
3094203,7,106000.0,50234.79999999997,1040.0000000000005,260.0000000000004,14483.999999999996,10631.999999999996,5832.0,3360.0,5484.0,5314.799999999999,3408.0,420.0,0.0,0.0,0.0,7972.000000000001
3095184,1,3000.0,21028.0,2676.0,2600.000000000004,4800.0,1136.0,4088.0,479.9999999999996,2400.0,0.0,2768.0,0.0,80.0,0.0,0.0,0.0
3095811,4,39059.0,34514.79999999999,5199.999999999995,200.0,8400.0,7107.999999999996,2688.0,0.0,5928.0,1858.8000000000002,1932.0,0.0,1200.0,0.0,0.0,2004.0
3096982,3,21974.0,24970.80000000001,3380.0000000000036,2600.000000000004,8940.0,0.0,1560.0,80.00000000000003,4152.0,3658.8,600.0,0.0,0.0,0.0,0.0,0.0
3097091,1,4108.0,6644.000000000005,2600.000000000004,260.0000000000004,960.0,0.0,300.0,0.0,1804.0,0.0,0.0,0.0,720.0,0.0,0.0,0.0
3097381,6,60000.0,44312.00000000001,3120.0,2720.000000000004,17448.0,4876.000000000004,5636.0,0.0,4196.0,5799.999999999995,516.0,0.0,0.0,0.0,0.0,7192.0
3097863,4,31524.0,46480.000000000015,1107.9999999999995,2820.0,9348.0,7699.999999999996,2620.0,2223.9999999999995,5268.0,12700.0,1932.0,360.0,400.0,0.0,0.0,4420.0
3098024,2,19578.0,20743.999999999993,976.0000000000005,519.9999999999995,9123.999999999996,5355.999999999996,2484.0,60.0,964.0,0.0,600.0,180.0,480.0,0.0,0.0,6903.999999999996
3098303,2,12132.0,11399.999999999996,1923.999999999996,519.9999999999995,2640.0,140.0,2160.0,39.999999999999964,1384.0,1732.0,860.0,0.0,0.0,0.0,0.0,2264.0
3098622,2,14795.0,8440.000000000004,2288.000000000004,260.0000000000004,3180.0,0.0,996.0,540.0,744.0,0.0,432.0,0.0,0.0,0.0,0.0,0.0
3098811,1,4537.4,9724.000000000005,2600.000000000004,156.0,1440.0,0.0,2484.0,416.0,2108.0,0.0,0.0,519.9999999999995,0.0,0.0,0.0,0.0
3100761,7,77832.4,29846.799999999985,2199.999999999996,639.9999999999995,5892.0,4948.0,3412.0,2759.999999999999,6216.0,2578.7999999999997,1080.0,20.0,100.0,0.0,0.0,2208.0
3101071,1,8900.0,26855.999999999996,9384.0,5223.999999999995,6060.0,888.0,976.0,1624.0,960.0,960.0,0.0,780.0,0.0,0.0,0.0,0.0
3101504,7,219783.4,33044.00000000001,1820.000000000004,7352.000000000001,9000.0,0.0,2220.0,2600.0,6512.0,340.0,1900.0,0.0,1300.0,0.0,0.0,0.0
3102401,4,32450.0,42746.799999999974,5199.999999999995,1040.0000000000005,12888.0,5855.999999999996,3844.0,2188.0,5060.0,3710.7999999999997,1760.0,0.0,1200.0,0.0,0.0,3848.0
3102661,2,11084.0,10280.0,2600.000000000004,1824.0,540.0,0.0,399.99999999999994,1204.0,1496.0,0.0,520.0,1455.999999999996,240.0,0.0,0.0,0.0
3103131,2,16303.2,32963.99999999999,7800.0,3120.0,13200.0,440.0,1884.0,899.9999999999999,832.0,1032.0,60.0,1296.0,2400.0,0.0,0.0,0.0
3103383,2,10703.0,21190.800000000003,2340.0,416.0000000000004,8040.0,1764.0,4040.0,540.0,1976.0,1978.8000000000002,48.0,0.0,48.0,0.0,0.0,2496.0
3103911,2,10703.0,13042.799999999997,6240.0,51.999999999999964,2100.0,0.0,2280.0,0.0,48.0,1258.8000000000002,960.0,104.00000000000003,0.0,0.0,0.0,0.0
3104461,2,17989.2,16633.999999999996,2079.999999999996,3759.9999999999964,1200.0,1166.0,2832.0,200.0000000000004,3448.0,688.0,600.0,260.0000000000004,400.0,0.0,0.0,0.0
3104614,2,15156.0,8940.0,1764.0,104.00000000000003,3864.0,0.0,828.0,148.0,420.0,564.0,1248.0,0.0,0.0,0.0,0.0,0.0
3105592,7,83423.0,21388.800000000003,2600.000000000004,2079.999999999996,6648.0,1350.0,2100.0,639.9999999999995,1448.0000000000002,3562.7999999999997,960.0,0.0,0.0,0.0,0.0,6436.0
3105791,1,7329.0,15748.000000000007,2600.000000000004,519.9999999999995,3396.0,7132.0,1004.0,99.99999999999997,0.0,0.0,996.0,0.0,0.0,0.0,0.0,0.0
3105814,5,46040.0,39664.0,4680.0,3120.0,7440.0,2444.0,2768.0,2752.0,12055.999999999996,1431.9999999999995,2576.0,396.0,0.0,0.0,0.0,0.0
3106201,5,45275.0,30530.799999999996,2964.0,1299.999999999996,11460.0,520.0,2324.0,0.0,1352.0000000000002,8726.800000000001,1884.0,0.0,0.0,0.0,0.0,0.0
3106491,5,40259.0,34866.8,2600.000000000004,1256.0000000000002,13008.0,2484.0,3144.0,1412.0,2248.0,1418.8000000000002,2096.0,760.0,4440.0,0.0,0.0,4188.0
3107162,3,30000.0,15339.999999999998,1127.9999999999998,324.0,9540.0,48.0,1400.0,140.0,1420.0,1080.0,260.0,0.0,0.0,0.0,0.0,0.0
3107474,2,16700.0,13232.0,1040.0000000000005,519.9999999999995,4800.0,120.0,1928.0,0.0,1432.0,1952.000000000004,0.0,1439.999999999996,0.0,0.0,0.0,0.0
3110231,7,72000.0,14899.999999999996,2199.999999999996,332.0000000000004,7200.0,648.0,2140.0,39.999999999999964,2340.0,0.0,0.0,0.0,0.0,0.0,0.0,0.0
3144321,4,34873.0,27532.000000000004,2600.000000000004,2220.0,12540.0,1080.0,2164.0,0.0,2580.0,3096.0,1080.0,172.0,0.0,0.0,0.0,0.0
3146121,1,2139.0,28866.8,780.0,7800.0,10440.0,1344.0,2472.0,728.0000000000002,3244.0,1458.8000000000002,600.0,0.0,0.0,0.0,0.0,0.0
3146561,2,12260.0,5696.000000000005,2108.000000000004,260.0000000000004,1452.0,0.0,936.0,120.0,0.0,48.0,648.0,84.0,40.0,0.0,0.0,0.0
3146781,2,10072.0,11248.000000000004,2600.000000000004,780.0,4500.0,0.0,2280.0,128.0,720.0,240.0,0.0,0.0,0.0,0.0,0.0,0.0
3148915,1,1910.0,11090.800000000001,3960.0,519.9999999999995,2400.0,336.0,1020.0,99.99999999999997,360.0,2058.8,336.0,0.0,0.0,0.0,0.0,0.0
3149471,3,27987.4,25939.99999999999,2991.999999999996,5199.999999999995,10500.0,240.0,1308.0,1455.9999999999998,2684.0,0.0,800.0,760.0,0.0,0.0,0.0,0.0
3149941,6,64138.0,37110.799999999974,1299.999999999996,260.0000000000004,15720.0,2151.9999999999995,4980.0,592.0,2904.0,3562.7999999999997,1160.0,400.0,4080.0,0.0,0.0,1800.0
3150821,2,15659.0,30022.800000000003,3519.9999999999973,2040.0000000000002,5568.0,4300.000000000004,3440.0,2000.0,6096.0,1258.8000000000002,1800.0,0.0,0.0,0.0,0.0,3348.0
3151061,6,58800.0,41312.0,5720.000000000005,3759.9999999999964,10272.0,5268.000000000004,3372.0,1480.0,5959.999999999999,2368.0,2472.0,0.0,640.0,0.0,0.0,7804.0
3152191,1,7056.0,5907.999999999998,1539.999999999996,140.00000000000006,1344.0,32.000000000000036,812.0,120.00000000000003,928.0,0.0,980.0,12.0,0.0,0.0,0.0,0.0
3164631,2,12048.0,20039.999999999985,5043.999999999995,2179.999999999996,6039.999999999996,3120.0,612.0,140.0,15.99999999999996,0.0,2808.0,0.0,80.0,0.0,0.0,0.0
3167093,3,20302.4,15539.999999999995,2859.999999999996,1040.0000000000005,7500.0,0.0,1800.0,0.0,900.0,0.0,1440.0,0.0,0.0,0.0,0.0,0.0
3168961,1,4859.0,35538.8,2079.999999999996,4844.000000000004,1600.0,7608.0,2840.0,2499.999999999999,10888.0,1258.8000000000002,1920.0,0.0,0.0,0.0,0.0,1400.0
3171341,6,58043.0,27904.80000000001,5804.000000000004,2600.000000000004,4644.0,2838.0000000000005,4044.0,0.0,1688.0,3710.7999999999997,2576.0,0.0,0.0,0.0,0.0,1676.0
3172681,3,28339.0,21970.79999999999,2079.999999999996,1299.999999999996,9348.0,760.0,1172.0,120.0,1360.0,4858.8,972.0,0.0,0.0,0.0,0.0,0.0
3172941,4,39090.2,20490.800000000003,4276.000000000001,1240.0000000000002,3660.0,1316.0,1756.0,460.0,603.9999999999995,1258.8000000000002,884.0,596.0000000000005,4440.0,0.0,0.0,0.0
3173761,2,14335.2,10468.000000000004,3020.000000000004,1884.0,3084.0,0.0,1620.0,576.0,0.0,0.0,284.0,0.0,0.0,0.0,0.0,0.0
2902815,7,70523.4,26198.800000000017,2860.000000000005,1040.0000000000005,3948.0,8516.0,3940.0,260.0000000000004,520.0,1818.8000000000002,596.0,920.0,1780.0,0.0,0.0,2504.0
2904095,1,9600.0,16288.0,572.0000000000005,363.9999999999996,12588.0,232.0,828.0,504.0,0.0,1200.0,0.0,0.0,0.0,0.0,0.0,0.0
2905915,7,79446.8,35330.79999999999,3731.9999999999995,5199.999999999995,3312.0,3292.0,4648.0,344.0000000000004,9360.0,2102.7999999999997,2140.0,0.0,1200.0,0.0,0.0,2056.0
2906195,3,27503.0,40590.79999999997,5120.000000000005,2499.9999999999964,15600.0,5692.0,1860.0,1852.0000000000007,3708.0,2842.7999999999997,816.0,240.0,360.0,0.0,0.0,0.0
2906245,2,14675.0,21836.799999999996,2840.000000000004,2559.9999999999964,2696.0,462.0,2004.0,999.9999999999995,6868.000000000001,1438.8000000000002,1240.0,48.0,680.0,0.0,0.0,0.0
2906585,5,45000.0,20880.0,2600.000000000004,2079.999999999996,10200.0,1008.0,1880.0,0.0,300.0,2260.0,552.0,0.0,0.0,0.0,0.0,0.0
2908075,5,50000.0,31139.999999999967,2600.000000000004,1040.0000000000005,18399.99999999996,0.0,2640.0,0.0,5116.0,0.0,1344.0,0.0,0.0,0.0,0.0,0.0
2923015,3,21419.0,15400.000000000002,3900.0,519.9999999999995,6000.0,120.0,3300.0,0.0,0.0,0.0,840.0,0.0,720.0,0.0,0.0,0.0
2924245,7,105200.0,38503.99999999998,2859.999999999996,624.0,12600.0,3243.999999999996,2944.0,400.00000000000006,2020.0,11968.000000000002,1044.0,0.0,800.0,0.0,0.0,5196.0
2924255,7,122355.0,47547.99999999997,2040.0,3519.9999999999964,13200.0,1768.0,4972.0,2280.000000000001,14072.0,516.0,3260.0,0.0,1920.0,0.0,0.0,0.0
2925105,2,17884.0,19010.800000000003,2616.0,1560.0,2868.0,3719.999999999999,2324.0,860.0,1268.0,3298.7999999999997,376.0,0.0,120.0,0.0,0.0,2396.0
2926535,2,15539.0,24450.8,3639.999999999999,1299.999999999996,3600.0,0.0,1440.0,612.0000000000005,5160.0,7138.799999999999,0.0,1560.0,0.0,0.0,0.0,0.0
2926785,2,15899.0,59443.99999999997,3939.9999999999964,3019.9999999999964,12576.0,18364.0,3900.0,1416.0,7160.0,1860.0,3608.0,0.0,3600.0,0.0,0.0,2108.0
2931755,2,17939.0,22462.799999999992,2420.000000000004,1143.9999999999995,8952.0,888.0,1388.0,432.0,99.99999999999997,5758.800000000001,1380.0,0.0,0.0,0.0,0.0,0.0
2932435,3,26235.0,23386.8,3900.0,416.0000000000004,6252.0,2391.999999999996,1172.0,100.0,5036.0,2006.8000000000002,1012.0,240.0,860.0,0.0,0.0,1868.0
2932905,7,105252.2,75628.00000000003,5360.000000000005,7820.0,29688.0,13491.999999999996,4236.0,1800.0,3896.0,5628.0,3548.0,0.0,160.0,0.0,0.0,8644.0
2946705,4,39000.0,24632.0,5532.0,2499.9999999999964,5268.0,3560.0,3600.0,579.9999999999999,3432.0,0.0,160.0,0.0,0.0,0.0,0.0,2976.0
2948765,2,15237.6,15846.799999999997,3332.000000000001,2899.999999999996,3600.0,0.0,480.0,56.0,3400.0,1738.8000000000002,0.0,240.0,100.0,0.0,0.0,0.0
2949845,3,23303.6,27744.000000000007,4680.0,2415.999999999996,10400.000000000004,3236.000000000004,2404.0,588.0000000000005,840.0,1380.0,1200.0,0.0,600.0,0.0,0.0,1232.000000000004
2950875,4,31200.0,46606.79999999999,6759.999999999996,1040.0000000000005,8952.0,17300.0,2052.0,0.0,2132.0,5538.799999999999,2832.0,0.0,0.0,0.0,0.0,1740.0
2951625,6,52800.0,36142.79999999998,2079.999999999996,2079.999999999996,18648.0,5499.999999999995,2972.0,0.0,1539.9999999999998,1258.8000000000002,2064.0,0.0,0.0,0.0,0.0,11500.0
2951785,3,20196.0,33015.999999999985,2835.999999999996,519.9999999999995,23880.0,1840.0000000000002,924.0,387.9999999999996,276.0,12.0,960.0,1299.999999999996,80.0,0.0,0.0,0.0
2952385,2,18707.0,12524.800000000001,1040.0000000000005,519.9999999999995,1176.0,450.0,3772.0,0.0,1200.0,2806.7999999999997,1560.0,0.0,0.0,0.0,0.0,632.0
2954405,3,30000.0,15828.000000000005,519.9999999999995,519.9999999999995,9600.0,0.0,2164.0,159.99999999999963,2864.0,0.0,0.0,0.0,0.0,0.0,0.0,0.0
2954965,1,9996.0,11115.999999999998,1560.0,1040.0000000000005,7200.0,0.0,516.0,20.0,0.0,660.0,0.0,120.0,0.0,0.0,0.0,0.0
2967284,5,47470.6,21139.999999999996,4583.999999999997,483.9999999999996,6540.0,1016.0,3032.0,199.99999999999994,720.0,4364.0,200.0,0.0,0.0,0.0,0.0,0.0
2967744,2,18059.0,8467.999999999995,2079.999999999996,519.9999999999995,3780.0,0.0,480.0,0.0,600.0,0.0,1008.0,0.0,0.0,0.0,0.0,0.0
2975934,1,7463.4,22075.999999999996,1299.999999999996,2720.000000000004,10460.000000000004,480.0,1712.0,39.999999999999964,2868.0,80.0,1116.0,1299.999999999996,0.0,0.0,0.0,0.0
2977554,2,11459.0,16746.799999999996,7799.999999999999,1299.999999999996,3132.0,0.0,336.0,1459.9999999999998,420.0,1258.8000000000002,0.0,1040.0000000000005,0.0,0.0,0.0,0.0
2978224,2,10259.0,11640.000000000004,1560.0,1040.0000000000005,4200.0,27.999999999999964,1864.0,451.9999999999992,852.0,204.0,1440.0,0.0,0.0,0.0,0.0,0.0
2989334,6,53000.0,22524.000000000007,3900.0,519.9999999999995,8712.0,2744.000000000004,2364.0,60.0,2856.0,624.0,744.0,0.0,0.0,0.0,0.0,2700.0
2990174,3,25523.0,24522.8,1568.0000000000005,492.0,12804.0,5120.0,856.0,48.0,80.00000000000001,1410.8000000000002,1264.0,280.0,600.0,0.0,0.0,11712.0
2992034,7,71991.0,40264.0,1340.0000000000005,2900.0000000000036,9600.0,4628.0,3056.0,920.0000000000002,14835.999999999998,780.0,2204.0,0.0,0.0,0.0,0.0,0.0
2994254,3,20188.0,21058.799999999996,3331.9999999999973,2123.9999999999964,10068.0,956.0,2560.0,0.0,44.0,1258.8000000000002,476.0,0.0,240.0,0.0,0.0,0.0
2995274,4,38819.0,26682.799999999992,3000.0,519.9999999999995,6988.0,1711.999999999996,3920.0,240.0,1288.0,4018.7999999999997,852.0,144.0,4000.0,0.0,0.0,6036.0
2997624,5,50000.0,29031.99999999999,2103.999999999996,1323.999999999996,6600.0,2239.999999999996,3604.0,212.00000000000006,6012.0,792.0,2064.0,684.0,3396.0,0.0,0.0,0.0
3002964,3,24771.8,23018.800000000003,2300.000000000004,1200.0,9120.0,500.0,2460.0,640.0,2800.0,1498.8000000000002,2400.0,0.0,100.0,0.0,0.0,0.0
3005854,2,18446.4,23620.0,3120.0,780.0,9300.0,660.0,3320.0,260.0,1840.0,3360.0,980.0,0.0,0.0,0.0,0.0,0.0
3007754,4,33543.6,27786.799999999996,1820.000000000004,1560.0,5316.0,10448.0,2660.0,0.0,640.0000000000001,2642.8,900.0,0.0,1800.0,0.0,0.0,1616.0
3008564,3,24319.0,21378.8,4419.999999999995,519.9999999999995,4740.0,1950.0000000000005,1904.0,508.0,1124.0,4882.8,684.0,526.0,120.0,0.0,0.0,1564.0
3008734,1,5340.0,16984.8,3039.999999999996,1272.0,1200.0,246.00000000000003,2028.0,740.0,3012.0,3974.7999999999993,0.0,32.0,1440.0,0.0,0.0,0.0
3049353,3,23645.0,30258.8,3144.0,1599.999999999996,12600.0,4395.999999999999,3288.0,160.00000000000009,2652.000000000001,1690.8000000000002,480.0,48.0,200.0,0.0,0.0,0.0
3049554,2,14795.0,34618.799999999996,1040.0000000000005,675.9999999999995,2240.000000000004,14299.999999999996,3028.0,0.0,7072.0,3478.7999999999997,1404.0,0.0,1380.0,0.0,0.0,0.0
3051714,7,236093.9,20780.0,519.9999999999995,2600.000000000004,7884.0,3348.0,2040.0,0.0,2540.0,48.0,1800.0,0.0,0.0,0.0,0.0,940.0
3052983,1,9659.0,10112.000000000005,1820.000000000004,260.0000000000004,5712.0,20.0,780.0,32.0,60.0,1296.0,0.0,132.0,0.0,0.0,0.0,0.0
3054154,6,60687.4,35146.79999999998,3332.000000000001,2899.999999999996,15228.0,5923.999999999996,2220.0,0.0,3000.0,1258.8000000000002,1284.0,0.0,0.0,0.0,0.0,1512.0
3054264,6,68293.0,23523.999999999996,2960.000000000004,1119.9999999999998,7920.0,7100.000000000005,1680.0,1199.9999999999998,988.0,476.0,80.0,0.0,0.0,0.0,0.0,3004.0
3057534,2,18960.0,24482.8,3120.0,2600.000000000004,12660.0,1636.0,1680.0,128.0,1200.0,1258.8000000000002,0.0,200.0,0.0,0.0,0.0,0.0
3057803,1,2480.0,11778.800000000001,1040.0000000000005,519.9999999999995,4284.0,472.0,228.0,1156.0,600.0,2530.8,428.0,0.0,520.0,0.0,0.0,0.0
3058384,2,19591.0,20192.799999999996,1620.0,1459.999999999996,3012.0,2382.0,1888.0,1732.0,2544.0,1926.8000000000002,1228.0,0.0,2400.0,0.0,0.0,2976.0
3059703,1,9410.0,38060.8,9880.000000000002,3120.0,5952.000000000004,6238.0,1824.0,1200.0,4316.0,3166.7999999999997,1164.0,0.0,1200.0,0.0,0.0,4220.000000000004
3059904,3,24530.6,25154.799999999992,1560.0,519.9999999999995,11040.0,720.0,120.0,2504.0,780.0,6430.799999999999,280.0,0.0,1200.0,0.0,0.0,0.0
3073524,4,32000.0,15851.999999999996,2079.999999999996,900.0,5160.0,0.0,1612.0,296.0,1484.0,2880.0,960.0,480.0,0.0,0.0,0.0,0.0
3079684,3,24769.6,36367.99999999999,2964.0,2415.999999999996,18720.0,2763.999999999996,3824.0,0.0,3200.0,1104.0,1376.0,0.0,0.0,0.0,0.0,7272.0
3083614,2,15779.0,23642.800000000003,6800.000000000004,1340.0000000000002,2820.0,2436.0,1260.0,200.0,3592.0,4462.799999999999,732.0,0.0,0.0,0.0,0.0,848.0
3084354,5,40943.0,23618.800000000003,2179.999999999996,1240.0000000000002,6096.0,3636.000000000004,4644.0,1140.0000000000002,1120.0,1666.8000000000002,1556.0,140.0,200.0,0.0,0.0,4296.0
3090232,3,21659.0,24206.80000000001,4520.000000000005,2840.0000000000036,4800.0,1160.0,2760.0,1160.0,3208.0,3198.7999999999997,320.0,0.0,240.0,0.0,0.0,0.0
3091213,2,15459.0,25708.000000000004,2080.0000000000045,2340.0,5940.0,6012.0,3608.0,2279.9999999999995,1352.0,1528.0,468.0,0.0,100.0,0.0,0.0,1996.0
3095002,2,13102.0,19238.8,1196.0000000000005,207.9999999999996,11352.0,36.0,128.0000000000004,955.9999999999998,260.0000000000004,3946.7999999999997,576.0,0.0,580.0,0.0,0.0,0.0
3095782,2,19775.0,14779.999999999995,2340.0,2079.999999999996,7080.0,408.0,1468.0,720.0000000000005,384.0,0.0,0.0,0.0,300.0,0.0,0.0,0.0
3096983,3,21974.0,18715.999999999996,2340.0,1299.999999999996,8940.0,0.0,1840.0,0.0,2776.0,0.0,600.0,920.0,0.0,0.0,0.0,0.0
3097092,1,4108.0,7888.0,3144.0,24.0,960.0,1640.0,300.0,96.0,872.0,0.0,132.0,0.0,720.0,0.0,0.0,0.0
3097382,6,60000.0,41055.99999999999,2079.999999999996,1040.0000000000005,17448.0,3972.0000000000036,4844.0,0.0,3660.0,5199.999999999995,2812.0,0.0,0.0,0.0,0.0,7296.0
3101072,1,8900.0,23152.0,10424.000000000004,1275.999999999996,6060.0,1528.0,1296.0,0.0,1728.0,60.0,0.0,780.0,0.0,0.0,0.0,0.0
3102773,1,9434.0,28226.79999999999,2235.999999999996,780.0,10764.0,1851.999999999996,3588.0,1760.0,1344.0,5062.799999999999,840.0,0.0,0.0,0.0,0.0,3392.0
3103384,2,10703.0,24854.800000000007,4160.000000000001,3120.0,8040.0,1772.0,1700.0,0.0,2384.0,3438.8,60.0,180.0,0.0,0.0,0.0,2532.0
3103912,2,10703.0,10752.00000000001,3120.000000000003,2600.000000000004,2100.0,0.0,1540.0,0.0,120.0,0.0,960.0,312.0,0.0,0.0,0.0,0.0
3104453,3,24631.0,20120.800000000003,4640.000000000005,1539.999999999996,4800.0,682.0,1644.0,0.0,1591.9999999999998,4242.8,0.0,780.0,200.0,0.0,0.0,0.0
3105593,5,46905.2,24894.0,5199.999999999995,2340.0,6648.0,810.0,2232.0,440.0000000000004,3732.0,2304.0,1188.0,0.0,0.0,0.0,0.0,6516.0
3105792,1,7329.0,14020.000000000005,6500.000000000004,1040.0000000000005,2352.0,1840.0,1164.0,163.99999999999994,0.0,0.0,960.0,0.0,0.0,0.0,0.0,0.0
3106202,5,45275.0,26522.799999999996,2184.0,1560.0,11460.0,640.0,3044.0,0.0,964.0,6178.800000000001,492.0,0.0,0.0,0.0,0.0,0.0
3106312,2,14340.0,13366.800000000007,2300.000000000004,519.9999999999995,3636.0,748.0,2296.0,744.0,388.0,1202.8000000000002,1532.0,0.0,0.0,0.0,0.0,0.0
3106492,5,40259.0,28842.79999999999,2079.999999999996,1143.9999999999995,13008.0,2180.0,3192.0,339.9999999999996,360.0,3298.8,840.0,0.0,2400.0,0.0,0.0,4272.0
3107163,4,32000.0,15051.999999999996,784.0,156.0,9540.0,36.0,1200.0,60.0,920.0,2355.999999999996,0.0,0.0,0.0,0.0,0.0,0.0
3110032,2,14723.0,13226.800000000007,2936.000000000004,24.0,5880.0,636.0,1136.0,407.99999999999994,624.0,1582.8000000000002,0.0,0.0,0.0,0.0,0.0,0.0
3110232,7,72000.0,15708.000000000004,3380.0000000000036,1560.0,6000.0,0.0,2140.0,0.0,2628.0,0.0,0.0,0.0,0.0,0.0,0.0,0.0
3142232,4,39000.0,31183.999999999993,5131.999999999993,1800.0,3000.0,640.0,2784.0,80.00000000000003,4344.0,11427.999999999996,1196.0,780.0,0.0,0.0,0.0,0.0
3144282,3,27716.8,20542.800000000003,2492.000000000004,1251.999999999996,10800.0,0.0,1392.0,300.0,120.0,2698.7999999999997,288.0,0.0,1200.0,0.0,0.0,0.0
3146122,1,2134.0,26162.8,1020.0,4280.000000000005,10440.0,432.0,1352.0,540.0,4248.0,1498.8000000000002,2280.0,72.0,0.0,0.0,0.0,0.0
3149242,5,50000.0,23464.0,4160.000000000005,1299.999999999996,14400.0,192.0,1480.0,0.0,540.0,1092.0,0.0,0.0,300.0,0.0,0.0,0.0
3149472,7,113651.0,25004.000000000007,2972.000000000001,5160.000000000001,10500.0,1632.0,1500.0,84.0,2964.0,0.0,192.0,0.0,0.0,0.0,0.0,0.0
3149942,7,97110.8,41555.999999999985,3639.9999999999964,1040.0000000000005,15780.0,2979.9999999999995,4952.0,584.0,3340.0,3820.0,2060.0,0.0,3360.0,0.0,0.0,1716.0
3150822,2,15659.0,19878.8,2079.999999999996,1560.0,5568.0,1700.000000000004,4880.0,0.0,1872.0,1258.8000000000002,960.0,0.0,0.0,0.0,0.0,3408.0
3151062,6,58800.0,49810.80000000002,3900.0,2600.000000000004,17472.0,9380.000000000004,2664.0,2616.0,1951.9999999999998,3726.7999999999997,3700.0,0.0,1800.0,0.0,0.0,10163.999999999996
3165622,4,33395.0,32442.799999999996,4380.0,1319.9999999999998,6720.0,4560.0,3824.0,1292.0,2336.0,5178.8,1080.0,1352.000000000004,400.0,0.0,0.0,0.0
3166602,2,15874.0,15355.999999999998,2079.999999999996,104.00000000000003,7800.0,600.0,1800.0,216.0,36.0,600.0,1080.0,1039.9999999999993,0.0,0.0,0.0,0.0
3167052,3,21528.4,17639.999999999996,2700.0,1299.999999999996,7080.0,0.0,1200.0,168.0,1300.0,1384.0,1260.0,1248.0,0.0,0.0,0.0,0.0
3168632,5,44619.0,18686.800000000007,1560.0,519.9999999999995,4260.0,2412.0,960.0,600.0000000000005,1880.0,3594.7999999999997,336.0,144.0,2420.0,0.0,0.0,868.0
3168962,1,4859.0,27750.800000000003,2756.000000000004,2340.0,1200.0,8680.0,2080.0,4040.000000000001,3904.0,1658.8000000000002,1092.0,0.0,0.0,0.0,0.0,996.0
3172682,3,28339.0,27638.799999999996,3380.0000000000036,2079.999999999996,9600.0,860.0,2232.0,760.0,2688.0,4838.8,1200.0,0.0,0.0,0.0,0.0,0.0
3172942,4,39903.0,15894.800000000003,4000.0000000000045,104.00000000000003,3864.0,1852.0,1652.0,952.0,204.0,1258.8000000000002,1228.0,579.9999999999995,200.0,0.0,0.0,0.0
3173982,2,12335.0,17700.000000000007,6500.000000000004,519.9999999999995,7800.0,0.0,1332.0,48.0,300.0,1200.0,0.0,0.0,0.0,0.0,0.0,0.0
3187671,2,12384.0,13178.800000000003,2828.000000000003,160.0,1200.0,1827.9999999999995,3080.0,0.0,1708.0,1258.8000000000002,856.0,260.0000000000004,0.0,0.0,0.0,296.0000000000004
3188511,5,41648.0,29740.000000000004,2600.000000000004,1920.0,7200.0,168.0,380.0,200.0,2984.0,7528.0,5160.0,1600.0,0.0,0.0,0.0,0.0
3190003,4,38528.2,17499.999999999993,3639.9999999999964,2079.999999999996,6000.0,800.0000000000005,2172.0,180.0,1440.0,0.0,1188.0,0.0,0.0,0.0,0.0,1324.0
3190471,7,142916.8,31328.0,3740.0000000000036,1800.0,6599.999999999995,4784.0,2880.0,0.0,2356.0,8148.0,1020.0,0.0,0.0,0.0,0.0,6123.999999999995
3192261,2,13164.2,14470.799999999997,1323.999999999996,24.0,3680.0,1556.0000000000005,2980.0,0.0,2008.0,1258.8000000000002,680.0,0.0,960.0,0.0,0.0,0.0
3192591,5,40383.0,36318.8,7020.0,624.0,6600.0,8000.000000000004,1248.0,784.0,6000.0,3898.7999999999997,768.0,216.0,1160.0,0.0,0.0,0.0
3193511,4,38700.0,18487.999999999996,2859.999999999996,1040.0000000000005,10020.0,0.0,452.0,703.9999999999999,2200.0,0.0,1212.0,0.0,0.0,0.0,0.0,0.0
3206343,4,35459.6,21551.999999999993,1299.999999999996,3120.0,8799.999999999996,348.0,1324.0,0.0,2496.0,1764.0,0.0,0.0,2400.0,0.0,0.0,0.0
3206621,4,35000.0,37831.999999999985,2859.999999999996,3120.0,9000.0,60.0,3464.0,476.0,7096.0,11456.0,300.0,0.0,0.0,0.0,0.0,0.0
3208281,2,13821.0,26166.799999999996,2340.0,1299.999999999996,8724.0,6051.999999999996,2260.0,160.00000000000006,444.0,2946.7999999999997,780.0,1160.0000000000005,0.0,0.0,0.0,2648.0
3209881,2,17972.6,17974.8,3039.999999999996,519.9999999999995,6000.0,0.0,1912.0,1496.0,2500.0,2506.7999999999997,0.0,0.0,0.0,0.0,0.0,0.0
3210323,3,23782.0,18326.800000000007,3380.0000000000036,611.9999999999995,8100.0,360.0,1248.0,240.0,540.0,2410.7999999999997,836.0,0.0,600.0,0.0,0.0,0.0
3210351,2,20000.0,23122.8,2103.999999999996,24.0,8160.0,5096.0,1968.0,0.0,576.0,3514.7999999999997,1680.0,0.0,0.0,0.0,0.0,0.0
3211401,1,1628.2,13512.0,3144.0,24.0,1680.0,0.0,3720.0,480.0,3624.0,0.0,240.0,0.0,600.0,0.0,0.0,0.0
3213561,2,16859.0,19918.800000000007,2600.000000000004,1040.0000000000005,5400.0,960.0,2096.0000000000005,0.0,1212.0,2206.8,804.0,0.0,3600.0,0.0,0.0,0.0
3214541,6,63454.0,22231.999999999993,1659.999999999996,1800.0,1380.0,6952.0,2904.0,399.9999999999996,720.0,4800.0,1616.0,0.0,0.0,0.0,0.0,144.0
3215301,4,31000.0,23903.999999999996,2103.999999999996,1584.0,11400.0,756.0,948.0,1412.0,1680.0,0.0,1020.0,0.0,3000.0,0.0,0.0,0.0
3215961,7,155760.0,52256.00000000003,3120.000000000003,759.9999999999995,21600.000000000007,9872.000000000004,3068.0,1052.0000000000002,4024.0,4100.0,3960.0,220.0,480.0,0.0,0.0,12208.000000000004
3228351,5,46461.0,25340.0,4635.999999999999,984.0,4128.0,4188.0,2580.0,1160.0000000000002,3552.0,1272.0,2600.0,0.0,240.0,0.0,0.0,3468.0
3233021,2,14029.0,28954.799999999992,3264.0,5559.999999999999,4656.0,2804.0,2616.0,60.0,4920.0,3394.8,1080.0,0.0,600.0,0.0,0.0,0.0
3233121,3,26210.0,20110.8,260.0000000000004,207.9999999999996,9864.0,1488.0,2452.0,0.0,2900.0,2614.7999999999997,324.0,0.0,0.0,0.0,0.0,2640.0
3234051,6,65000.0,35839.999999999985,6891.999999999996,3200.0000000000036,10560.0,4292.0,3436.0,644.0,1704.0,1104.0,2268.0,1500.0,240.0,0.0,0.0,0.0
3234901,5,40575.0,24775.999999999993,2079.999999999996,2120.0000000000005,12000.0,2795.999999999996,1220.0,240.0,1800.0,1160.0,400.0,0.0,960.0,0.0,0.0,5616.0
3237621,2,18388.8,25794.8,2060.000000000004,5439.999999999995,6600.0,456.0,4164.0,140.00000000000037,4800.0,1258.8000000000002,876.0,0.0,0.0,0.0,0.0,0.0
2967285,3,23451.6,23051.999999999996,4416.0,2064.0000000000036,6540.0,684.0,2964.0,51.999999999999964,1884.0,4288.0,160.0,0.0,0.0,0.0,0.0,0.0
2967745,2,15745.4,11646.800000000001,3120.0,1040.0000000000005,4140.0,0.0,480.0,0.0,600.0,1258.8000000000002,1008.0,0.0,0.0,0.0,0.0,0.0
2973245,6,50496.0,56786.80000000003,4616.000000000005,3348.000000000003,11640.0,10156.0,6056.0,840.0,12076.0,3758.7999999999997,4296.0,0.0,0.0,0.0,0.0,3744.0
2975935,2,11500.0,30496.0,2528.000000000004,3060.0000000000036,10608.0,3728.0,1652.0,584.0,5680.0,0.0,1356.0,1299.999999999996,0.0,0.0,0.0,0.0
2977555,1,1010.0,12066.800000000003,4680.0,1820.000000000004,3132.0,0.0,336.0,240.00000000000006,480.0,1258.8000000000002,0.0,120.0,0.0,0.0,0.0,0.0
2989335,5,45000.0,25819.999999999996,3795.9999999999964,519.9999999999995,8856.0,2328.000000000004,2620.0,60.0,3056.0,3468.0,1116.0,0.0,0.0,0.0,0.0,2784.0
2990175,3,25523.0,20330.8,2892.0,468.0,951.9999999999995,2832.0000000000005,3564.0,72.0,1608.0,2782.7999999999956,2964.0,1200.0,996.0,0.0,0.0,0.0
2992035,2,18513.4,35104.0,1899.999999999996,3160.0000000000036,9600.0,996.0,2052.0,1719.9999999999998,10952.000000000002,860.0,3864.0,0.0,0.0,0.0,0.0,0.0
2992895,6,54448.8,38826.799999999996,6240.0,1112.0,14400.0,6168.0,1120.0,48.0,4480.0,3658.7999999999997,1600.0,0.0,0.0,0.0,0.0,0.0
2994505,7,96867.6,42044.0,4839.999999999996,1560.0,10308.0,5200.000000000004,2948.0,1200.0,5036.0,8588.000000000004,2364.0,0.0,0.0,0.0,0.0,5044.0
2994735,2,10688.0,8895.999999999996,2859.999999999996,320.0,2628.0,900.0000000000001,572.0,264.00000000000006,1200.0,0.0,56.0,0.0,96.0,0.0,0.0,0.0
2995005,6,51239.6,24630.800000000003,1508.000000000004,416.0000000000004,11484.0,1900.0000000000002,1080.0,199.99999999999994,456.0,5242.799999999999,1036.0,1200.0,108.0,0.0,0.0,0.0
2997625,5,50000.0,27907.99999999999,6260.000000000004,2279.999999999996,6600.0,2379.999999999996,3628.0,180.0,2652.0,1352.0,1892.0,684.0,0.0,0.0,0.0,0.0
3002185,3,23856.0,18814.799999999996,3183.999999999999,260.0000000000004,7800.0,352.0,3492.0,0.0,736.0,1258.8000000000002,1696.0,36.0,0.0,0.0,0.0,0.0
3002805,2,16727.0,14939.999999999998,3120.0,260.0000000000004,8340.0,804.0,1104.0,144.0,336.0,0.0,832.0,0.0,0.0,0.0,0.0,0.0
3002965,3,28619.0,26586.799999999992,2340.0,1200.0,9120.0,760.0,2308.0,2060.0,3387.9999999999986,1618.8000000000002,1512.0,1680.0,600.0,0.0,0.0,0.0
3005855,4,33984.4,22408.0,3380.0000000000036,1299.999999999996,8100.0,112.0,2616.0,320.0,1900.0,3480.0,960.0,240.0,0.0,0.0,0.0,0.0
3007755,2,13680.0,22238.800000000003,2600.000000000004,2340.0,5316.0,4144.0,2140.0,724.0000000000001,924.0000000000001,1586.8000000000002,1264.0,0.0,1200.0,0.0,0.0,1636.0
3008565,3,21460.0,18134.800000000007,1560.0,519.9999999999995,4740.0,1130.0000000000005,2324.0,260.0000000000004,3360.0,3070.7999999999997,528.0,522.0,120.0,0.0,0.0,1580.0
3045795,5,41619.0,44182.80000000002,5960.000000000005,800.0,6900.000000000004,2500.000000000004,3228.0,540.0,10340.0,10298.800000000001,3496.0,120.0,0.0,0.0,0.0,5996.000000000005
3049844,3,27046.0,22286.800000000007,3536.0000000000036,260.0000000000004,7152.0,1052.0,372.0,416.0,6016.0,2266.8,1056.0,0.0,160.0,0.0,0.0,0.0
3052984,1,9360.0,7176.000000000005,1820.000000000004,260.0000000000004,2568.0,60.0,780.0,44.0,48.0,1296.0,24.0,276.0,0.0,0.0,0.0,0.0
3054134,3,27881.0,13962.79999999999,2079.999999999996,1299.999999999996,8799.999999999996,0.0,336.0,48.0,140.0,1258.8000000000002,0.0,0.0,0.0,0.0,0.0,0.0
3057804,2,14327.0,16330.800000000001,1716.0,1040.0000000000005,4296.0,716.0,228.0,719.9999999999995,600.0,6490.799999999999,464.0,0.0,60.0,0.0,0.0,0.0
3059704,3,24878.0,25424.8,5460.0,1040.0000000000005,5952.000000000004,586.0,1824.0,283.9999999999996,3244.0,4870.799999999999,964.0,0.0,1200.0,0.0,0.0,4280.000000000004
3090233,3,21659.0,26850.799999999996,4579.999999999995,1640.0000000000002,6000.0,1160.0,2580.0,2200.0,2212.0,5078.799999999999,0.0,1400.0,0.0,0.0,0.0,0.0
3091214,2,16431.0,22714.8,2600.000000000004,3639.9999999999964,5940.0,348.0,4028.0,960.0,1060.0,3058.8,1080.0,0.0,0.0,0.0,0.0,2020.0
3091833,2,15876.0,11643.99999999999,2163.999999999996,780.0,5400.0,0.0,460.0,36.0,1268.0000000000002,20.0,180.0,1335.999999999996,0.0,0.0,0.0,0.0
3092734,7,80738.8,34187.99999999999,3879.9999999999964,3879.9999999999964,9600.0,0.0,360.0,3900.0,5796.0,6604.0,0.0,48.0,120.0,0.0,0.0,0.0
3097093,1,4108.0,10659.999999999998,404.0,80.0,960.0,0.0,360.0,144.0,7311.999999999999,0.0,500.0,0.0,900.0,0.0,0.0,0.0
3097383,6,60000.0,39124.0,1160.0000000000005,1560.0,17448.0,5616.000000000004,3340.0,0.0,4000.0,5199.999999999995,800.0,0.0,0.0,0.0,0.0,7392.0
3097633,3,20513.0,12376.000000000005,1560.0,1379.9999999999998,4200.0,1060.0,1680.0,131.99999999999991,160.0,1648.0,556.0,0.0,0.0,0.0,0.0,0.0
3098263,4,34268.0,37066.799999999996,5120.000000000004,980.0,6096.0,6420.0,516.0,812.0000000000002,1340.0000000000002,12370.8,1132.0,0.0,2280.0,0.0,0.0,1720.0
3098624,2,14795.0,7948.0,1716.0,156.0,3216.0,0.0,816.0,440.0,1148.0,0.0,456.0,0.0,0.0,0.0,0.0,0.0
3100915,6,65410.2,40496.00000000003,7959.999999999995,3080.0000000000036,14000.00000000004,1224.0,4608.0,1420.0000000000002,2696.0,1176.0,2752.0,1580.0,0.0,0.0,0.0,0.0
3102403,4,32450.0,32754.800000000003,2020.000000000004,1040.0000000000005,12888.0,3699.999999999996,5272.0,140.00000000000037,3640.0,2086.7999999999997,968.0,1000.0,0.0,0.0,0.0,3928.0
3102774,2,10418.0,23430.8,3380.000000000001,140.0,10752.0,1299.999999999996,3996.0,108.0,1560.0,1258.8000000000002,876.0,0.0,60.0,0.0,0.0,3896.0
3104463,2,17020.8,18262.800000000003,2600.000000000004,3639.9999999999964,1200.0,2340.0,1736.0,400.0,2636.0,1474.8000000000002,540.0,1296.0,400.0,0.0,0.0,0.0
3105594,6,54398.2,27362.000000000004,7800.0,2600.000000000004,6648.0,1410.0,2400.0,600.0,1800.0,2304.0,1800.0,0.0,0.0,0.0,0.0,6600.0
3105793,1,7329.0,13476.000000000004,3380.0000000000036,780.0,2352.0,4572.0,1192.0,0.0,0.0,0.0,1200.0,0.0,0.0,0.0,0.0,0.0
3106313,2,14340.0,13996.0,2876.000000000004,2079.999999999996,3696.0,552.0,1500.0,376.0,0.0,300.0,1896.0,0.0,720.0,0.0,0.0,0.0
3106493,5,40259.0,34542.80000000001,2912.000000000004,1040.0000000000005,8592.0,2580.0,3360.0,572.0,4308.0,7938.8,960.0,0.0,2280.0,0.0,0.0,5536.0
3110233,7,72000.0,19860.0,4680.0,1040.0000000000005,8400.0,0.0,2140.0,0.0,3600.0,0.0,0.0,0.0,0.0,0.0,0.0,0.0
3142233,4,39000.0,32272.0,10748.000000000004,1779.999999999996,4920.0,932.0,3308.0,36.0,2520.0,6507.999999999996,480.0,1040.0000000000005,0.0,0.0,0.0,0.0
3144283,2,17380.4,21466.800000000003,3120.0,1040.0000000000005,10800.0,0.0,1488.0,1140.0,2040.0,1258.8000000000002,500.0,80.0,0.0,0.0,0.0,0.0
3144863,2,10471.0,17315.999999999993,519.9999999999995,519.9999999999995,780.0,6008.0,1916.0,600.0,540.0,5264.0,748.0,0.0,420.0,0.0,0.0,0.0
3145913,2,13394.4,38780.00000000001,2892.0,1664.000000000004,7080.0,5679.999999999995,4616.0,399.9999999999996,2640.0000000000005,9680.0,444.0,1296.0,2388.0,0.0,0.0,1308.0
3146123,1,2114.0,29934.8,4488.0,3240.0,10440.0,196.0,2724.0,1720.0000000000002,5840.0,1258.8000000000002,28.0,0.0,0.0,0.0,0.0,0.0
3146783,2,10072.0,14791.999999999996,5199.999999999995,312.0,4500.0,0.0,2992.0,152.0,1296.0,300.0,40.0,0.0,0.0,0.0,0.0,0.0
3148693,6,63459.0,37362.799999999996,4579.999999999995,7600.000000000004,10800.0,3184.0,7440.0,159.99999999999963,900.0,2698.8,0.0,0.0,0.0,0.0,0.0,0.0
3149243,5,50000.0,25748.0,4160.000000000005,1531.999999999996,14400.0,1000.0,1932.0,0.0,1200.0,1092.0,132.0,0.0,300.0,0.0,0.0,0.0
3149473,5,44674.2,27248.000000000007,7280.000000000004,3120.0,10500.0,812.0,1080.0,1280.0000000000002,2012.0,0.0,1164.0,0.0,0.0,0.0,0.0,0.0
3149943,6,64138.0,43498.79999999999,3380.0000000000036,1160.0000000000005,15900.0,2143.9999999999995,5228.0,140.0,1424.0,6066.799999999997,4696.0,0.0,3360.0,0.0,0.0,2388.0
3150763,4,34836.0,17434.8,3663.9999999999964,543.9999999999995,9948.0,0.0,1420.0,0.0,600.0,1258.8000000000002,0.0,0.0,0.0,0.0,0.0,0.0
3152193,1,7056.0,6534.7999999999965,1479.999999999996,20.0,1272.0,0.0,292.0,168.0,1108.0,1258.8000000000002,924.0,12.0,0.0,0.0,0.0,0.0
3163723,2,11155.2,25638.799999999996,1584.0,24.0,16800.0,2500.0,144.0,240.0,372.0,1586.8000000000002,0.0,0.0,2388.0,0.0,0.0,0.0
3164883,1,5005.0,36504.0,519.9999999999995,519.9999999999995,24000.0,2340.0,2736.0,2220.0,2784.0,0.0,1384.0,0.0,0.0,0.0,0.0,0.0
3167053,3,26278.6,24096.000000000007,3656.0000000000036,1904.000000000004,7080.0,40.0,1240.0,92.0,1732.0,5804.0,1260.0,1288.0,0.0,0.0,0.0,0.0
3167403,2,12288.0,18296.0,936.0,3900.0,12960.0,0.0,500.0,0.0,0.0,0.0,0.0,0.0,0.0,0.0,0.0,0.0
3168633,5,44519.0,24178.80000000001,5876.000000000004,260.0000000000004,3420.0,2880.000000000001,1624.0000000000002,2223.9999999999995,2124.0,3126.800000000004,884.0,480.0,1280.0,0.0,0.0,712.0
3168963,1,4859.0,30454.8,1560.0,1560.0,8400.0,3836.0,2540.0,2340.0,7083.999999999999,1898.8000000000002,1236.0,0.0,0.0,0.0,0.0,6731.999999999996
3171343,6,58043.0,21348.799999999992,5283.999999999995,1299.999999999996,4644.0,1390.0000000000005,2076.0,120.0,3400.0,2734.7999999999997,400.0,0.0,0.0,0.0,0.0,1720.0
3172683,3,28339.0,25630.799999999996,2600.000000000004,1299.999999999996,10200.0,912.0,1904.0,440.0,1840.0,5158.8,1276.0,0.0,0.0,0.0,0.0,0.0
3173963,2,15186.2,11178.800000000005,2600.000000000004,260.0000000000004,3900.0,396.0,844.0,0.0,840.0,1458.8000000000002,880.0,0.0,0.0,0.0,0.0,0.0
3187172,3,20315.8,42142.80000000004,4892.000000000004,783.9999999999998,3696.0,16092.0,5156.0,1299.9999999999998,1448.0000000000002,3386.8,2860.0,0.0,2528.0,0.0,0.0,1192.0
3188222,2,11257.0,14683.999999999995,3563.999999999997,1040.0000000000005,4500.0,255.9999999999996,2220.0,1424.0000000000005,0.0,0.0,900.0,780.0,0.0,0.0,0.0,0.0
3189672,1,3220.0,10091.999999999996,3171.999999999996,624.0,2784.0,943.9999999999999,360.0,504.0,144.0,0.0,1136.0,423.9999999999996,0.0,0.0,0.0,0.0
3190412,3,24615.8,40562.79999999999,2796.0,5120.0,1620.0,4272.0,2688.0,2468.0000000000005,6920.0,11858.8,2420.0,0.0,400.0,0.0,0.0,316.0
3190472,7,148026.0,30280.000000000007,4160.000000000005,2600.000000000004,6600.0,3000.0,3000.0,0.0,1200.0,8160.0,1560.0,0.0,0.0,0.0,0.0,3747.9999999999964
3190972,7,76000.0,24307.999999999985,1479.999999999996,1927.999999999996,6636.0,6039.999999999996,2388.0,540.0,2192.0,1536.0,1508.0,60.0,0.0,0.0,0.0,3372.0
3191182,2,11051.0,8943.999999999995,3195.9999999999964,24.0,3888.0,56.0,564.0,404.0000000000004,0.0,0.0,764.0,0.0,48.0,0.0,0.0,0.0
3192592,5,40383.0,45546.79999999998,3015.999999999996,3868.0000000000036,9588.0,6119.999999999996,1068.0,2372.000000000001,8428.0,5266.8,4192.0,668.0,960.0,0.0,0.0,0.0
3193332,1,4160.6,10523.999999999998,2379.999999999996,231.9999999999996,1800.0,120.0,588.0,307.9999999999999,4992.0,48.0,16.0,0.0,40.0,0.0,0.0,0.0
3193512,4,38700.0,24334.799999999985,3639.9999999999964,1299.999999999996,14400.0,0.0,180.0,287.99999999999994,2056.0,1258.8000000000002,1212.0,0.0,0.0,0.0,0.0,0.0
3208282,2,13821.0,25178.8,2547.999999999996,1040.0000000000005,8724.0,3507.999999999996,2884.0,0.0,2444.0,3122.7999999999993,128.0,780.0,0.0,0.0,0.0,2688.0
3209882,2,18210.2,22454.8,3300.0,780.0,6000.0,0.0,2164.0,2544.000000000001,5160.0,2506.7999999999997,0.0,0.0,0.0,0.0,0.0,0.0
3210324,3,24070.0,18474.799999999996,2079.999999999996,536.0000000000005,8100.0,504.0,1116.0,200.0,1827.9999999999998,2374.7999999999997,1136.0,0.0,600.0,0.0,0.0,0.0
3210352,2,20000.0,27766.799999999996,9099.999999999996,1040.0000000000005,8640.0,864.0,3480.0,156.0,804.0,2746.7999999999997,936.0,0.0,0.0,0.0,0.0,0.0
3210482,6,68004.0,33340.00000000001,1664.0000000000005,1040.0000000000005,11100.0,1652.0,5160.0,0.0,4000.0,3520.0,5204.0,0.0,0.0,0.0,0.0,0.0
3214542,6,57470.0,36783.99999999999,3120.0,2088.0,2399.9999999999964,3700.0000000000005,3996.0,1120.0,14400.0,3600.0,2348.0,0.0,12.0,0.0,0.0,1923.999999999996
3214982,2,14459.0,21376.0,4140.0,2600.000000000004,1344.0,5019.999999999995,2020.0,852.0,1840.0,800.0,1200.0,1560.0,0.0,0.0,0.0,408.0
3215302,4,31000.0,27308.000000000007,3380.0000000000036,2079.999999999996,9600.0,372.0,948.0,1400.0000000000007,2736.0,0.0,3792.0,0.0,3000.0,0.0,0.0,0.0
3215962,7,160759.4,56860.0,3596.0000000000036,3179.9999999999964,21600.000000000007,7676.000000000004,3924.0,3787.9999999999995,4176.0,3816.0,4900.0,124.0,80.0,0.0,0.0,12348.000000000004
3228352,5,45753.8,21614.80000000001,2816.000000000004,780.0,4128.0,3800.0000000000005,1428.0,1552.0000000000002,844.0,4466.799999999999,1440.0,0.0,360.0,0.0,0.0,3508.0
3233022,2,14029.0,24634.799999999996,3048.0,1200.0,6720.0,1664.0,2296.0,860.0,2680.0,3626.8,1520.0,120.0,900.0,0.0,0.0,0.0
3233122,3,26210.0,22074.799999999996,2703.999999999996,207.9999999999996,9864.0,1196.0,2076.0,0.0,1224.0,3350.7999999999997,1452.0,0.0,0.0,0.0,0.0,2676.0
3235752,2,13429.0,10104.000000000004,519.9999999999995,363.9999999999996,3684.0,64.0,548.0,144.0,60.0,2484.0,1636.0,0.0,600.0,0.0,0.0,0.0
3236052,4,38000.0,65720.80000000002,4400.000000000004,7400.000000000004,14364.0,6948.0,5540.0,2520.0,14940.0,9138.8,0.0,170.00000000000037,300.0,0.0,0.0,6144.0
3236142,5,45000.0,36172.0,3639.9999999999964,2600.000000000004,16800.0,528.0,7648.0,320.0,1824.0,0.0,2812.0,0.0,0.0,0.0,0.0,0.0
3237602,2,12913.4,13562.800000000001,1560.0000000000002,624.0,3528.0,1968.0,1516.0,696.0,936.0,2734.7999999999997,0.0,0.0,0.0,0.0,0.0,1748.0
3250711,2,14068.8,30467.999999999996,4500.0,800.0,7200.0,1124.0,6128.0,911.9999999999998,8628.0,0.0,1176.0,0.0,0.0,0.0,0.0,0.0
3251053,6,58455.8,51312.00000000002,4240.0000000000055,3400.0000000000036,24000.0,11592.0,700.0,0.0,5576.0,-320.0,2124.0,0.0,0.0,0.0,0.0,0.0
3251831,4,30296.0,36842.79999999999,6535.999999999996,3720.0,10200.0,340.0,3988.0,1664.0,6596.0,2558.8,440.0,0.0,800.0,0.0,0.0,0.0
3252701,1,9071.0,8699.999999999995,2079.999999999996,1040.0000000000005,3360.0,0.0,1640.0,280.00000000000045,300.0,0.0,0.0,0.0,0.0,0.0,0.0,0.0
3253531,7,79974.2,50082.8,3420.0,4400.000000000005,17712.0,9220.0,3752.0,800.0000000000005,2956.0,2758.7999999999997,2264.0,0.0,2800.0,0.0,0.0,6816.0
3253551,2,12059.0,11462.800000000005,2600.000000000004,1560.0,2700.0,88.0,1816.0,0.0,1440.0,1258.8000000000002,0.0,0.0,0.0,0.0,0.0,0.0
3254221,1,3378.0,32598.8,4340.0,208.0,4800.0,8948.000000000004,6744.0,0.0,552.0,2866.8,2580.0,1560.0,0.0,0.0,0.0,3356.0
3254411,2,14081.0,17246.8,3639.999999999999,519.9999999999995,4200.0,724.0,2908.0,280.0,1880.0,1258.8000000000002,1836.0,0.0,0.0,0.0,0.0,0.0
3254951,3,25325.2,16950.80000000001,1628.000000000004,519.9999999999995,3852.0,1588.0000000000005,3320.0,79.99999999999991,752.0,4270.799999999999,720.0,40.0,180.0,0.0,0.0,3544.0
3255581,6,55209.8,52167.99999999999,5679.999999999995,2360.0,11376.0,7952.000000000004,2516.0,4635.999999999999,8504.0,5280.0,3264.0,0.0,600.0,0.0,0.0,3776.0
3257312,7,96507.0,30362.799999999992,300.0000000000004,5939.999999999996,12600.0,1580.0,2508.0,111.99999999999997,3396.0,3486.8,0.0,0.0,440.0,0.0,0.0,0.0
3257421,3,26600.0,20200.000000000007,2300.000000000004,1520.0000000000002,7020.0,780.0,2500.0,480.0,4560.0,0.0,0.0,1040.0000000000005,0.0,0.0,0.0,0.0
3257584,4,32000.0,15671.999999999996,728.0000000000005,260.0000000000004,9540.0,40.0,2000.0,80.0,1704.0,1320.0,0.0,0.0,0.0,0.0,0.0,0.0
3258311,2,11701.0,21348.0,3120.0,1480.0000000000002,12036.0,228.0,1188.0,99.99999999999997,2596.0,600.0,0.0,0.0,0.0,0.0,0.0,0.0
3258351,5,41999.4,30150.799999999996,3284.000000000001,2064.0000000000036,11400.0,1080.0,2808.0,2739.9999999999964,2960.0,3814.7999999999997,0.0,0.0,0.0,0.0,0.0,0.0
3258681,2,12048.0,9990.800000000005,2468.000000000004,543.9999999999995,2316.0,0.0,860.0,96.0,920.0,1426.8000000000002,544.0,96.0,720.0,0.0,0.0,0.0
3258841,4,36000.0,22516.000000000007,8360.000000000004,363.9999999999996,7656.0,39.999999999999964,2592.0,1080.0000000000002,0.0,1224.0,0.0,0.0,1200.0,0.0,0.0,0.0
3259791,3,24859.0,21810.8,3639.9999999999964,2600.000000000004,2880.0,3480.0000000000005,1872.0,0.0,4520.0,1258.8000000000002,0.0,1560.0,0.0,0.0,0.0,1704.0
3271541,3,28108.0,12694.00000000001,1716.0,1844.000000000004,1616.000000000004,2049.9999999999995,2904.0,244.0,1055.9999999999998,620.0,644.0,0.0,0.0,0.0,0.0,0.0
3273651,1,6000.0,38666.79999999999,4059.999999999996,4219.999999999996,7128.0,7375.999999999996,4220.0,800.0000000000001,4364.000000000001,5386.8,728.0,384.0,0.0,0.0,0.0,3756.0
3274371,4,30545.2,47746.79999999998,5080.0,2879.9999999999964,20448.0,612.0,3232.0,1264.0,1020.0,5626.8,2844.0,0.0,4740.0,0.0,0.0,0.0
3276111,2,14000.0,28116.000000000004,4560.000000000005,400.0,9228.0,2348.0,2636.0,200.0,7660.0,0.0,1084.0,0.0,0.0,0.0,0.0,0.0
3276481,2,12000.0,11892.0,4920.0,1560.0,3300.0,0.0,1632.0,0.0,480.0,0.0,0.0,0.0,0.0,0.0,0.0,0.0
3276661,4,36484.8,27368.000000000007,2892.0,1664.000000000004,11100.000000000004,2380.0,3960.0,0.0,3980.0,1392.0,0.0,0.0,0.0,0.0,0.0,7144.000000000004
3276841,5,42979.0,16030.800000000007,2600.000000000004,1560.0,8640.0,0.0,84.0,27.999999999999964,0.0,3118.7999999999997,0.0,0.0,0.0,0.0,0.0,0.0
3276881,5,40444.6,68163.80000000005,6320.000000000005,1419.999999999996,19092.0,19545.00000000004,9184.0,1600.0,3344.0,1258.8000000000002,6400.0,0.0,0.0,0.0,0.0,9688.0
3278771,1,9912.0,16068.0,3848.0000000000036,260.0000000000004,7200.0,0.0,1920.0,360.0,360.0,180.0,900.0,1040.0000000000005,0.0,0.0,0.0,0.0
3278851,3,28512.2,40811.99999999999,4659.999999999995,1040.0000000000005,7596.0,16572.0,3264.0,540.0000000000003,3600.0,2432.000000000004,1008.0,0.0,100.0,0.0,0.0,7360.0
3279401,3,28000.0,18840.000000000007,2600.000000000004,519.9999999999995,5208.0,1200.0,2940.0,244.0,4168.0,712.0,1068.0,180.0,0.0,0.0,0.0,1148.0
3279412,2,12215.0,14218.8,1299.999999999996,519.9999999999995,4800.0,840.0,1080.0,96.0,720.0,4402.799999999999,0.0,160.0,300.0,0.0,0.0,0.0
3293021,4,36099.0,21532.000000000007,2892.0,104.00000000000003,7200.0,2400.0000000000005,1260.0,0.0,6240.0,236.0000000000004,1200.0,0.0,0.0,0.0,0.0,1728.0
3294231,3,26359.0,16642.8,2599.999999999995,363.9999999999996,6372.0,2560.0,1664.0,560.0,771.9999999999999,1258.8000000000002,348.0,144.0,0.0,0.0,0.0,1372.0
3297661,2,11364.0,17719.999999999993,1299.999999999996,624.0,3444.0,6123.999999999996,4944.0,24.0,720.0,0.0,40.0,0.0,500.0,0.0,0.0,944.0
3297671,2,11327.0,17666.800000000003,6500.000000000004,1299.999999999996,2600.0,1380.0,2836.0,0.0,0.0,1258.8000000000002,1792.0,0.0,0.0,0.0,0.0,248.0
3298881,3,25230.0,15850.800000000001,1820.000000000004,1299.999999999996,8400.0,0.0,1548.0,0.0,0.0,1738.8000000000002,1044.0,0.0,0.0,0.0,0.0,0.0
3299913,2,15827.0,16594.800000000003,3120.0,624.0,5580.0,0.0,2568.0,0.0,0.0,3202.8,1500.0,0.0,0.0,0.0,0.0,0.0
3300831,2,10499.0,9830.799999999994,2079.999999999996,519.9999999999995,1824.0,0.0,924.0,272.0000000000004,1440.0,1450.8000000000002,0.0,0.0,1320.0,0.0,0.0,0.0
3301951,2,18105.4,10455.999999999995,792.0,404.0000000000004,2799.999999999996,1432.0,1788.0,339.99999999999994,1252.0,76.0,1560.0,0.0,12.0,0.0,0.0,0.0
3302871,3,20459.0,27654.800000000003,10780.000000000002,1299.999999999996,9600.0,220.0,1588.0,380.0,1480.0,2218.8,88.0,0.0,0.0,0.0,0.0,0.0
3090234,2,20000.0,26670.800000000007,2840.000000000004,1160.0000000000005,8400.0,440.0,3360.0,4800.0,2400.0,2758.7999999999997,192.0,0.0,320.0,0.0,0.0,0.0
3097384,6,57090.8,41775.99999999999,2319.999999999996,1040.0000000000005,17448.0,8180.000000000004,5016.0,180.0,1888.0,5199.999999999995,504.0,0.0,0.0,0.0,0.0,7500.0
3097394,4,31517.2,18954.799999999996,5223.999999999995,24.0,3360.0,124.0,3660.0,0.0,2796.0,2626.7999999999997,1140.0,0.0,0.0,0.0,0.0,0.0
3097634,2,19302.0,11283.999999999998,2079.999999999996,1560.0000000000002,4200.0,68.0,1880.0,223.99999999999966,0.0,660.0,308.0,144.0,160.0,0.0,0.0,0.0
3102404,5,45912.0,28978.79999999999,1820.000000000004,519.9999999999995,12888.0,2867.999999999996,3600.0,571.9999999999995,1800.0,2970.7999999999997,1940.0,0.0,0.0,0.0,0.0,3976.0
3104464,3,28582.4,20978.79999999999,3120.0,3639.9999999999964,1200.0,2700.0,1992.0,959.9999999999998,2620.0,1582.8000000000002,844.0,519.9999999999995,1800.0,0.0,0.0,0.0
3105794,1,3091.0,9132.0,3120.0,780.0,2352.0,524.0,1156.0,0.0,0.0,0.0,1200.0,0.0,0.0,0.0,0.0,0.0
3106204,4,35478.0,28622.799999999996,3639.9999999999964,1040.0000000000005,11460.0,500.0,4032.0,0.0,596.0,6370.800000000001,984.0,0.0,0.0,0.0,0.0,0.0
3106314,2,15802.0,19748.000000000007,5660.000000000004,2720.000000000004,3696.0,460.0,2496.0,1276.0,720.0,240.0,1840.0,0.0,640.0,0.0,0.0,0.0
3106494,5,45236.4,37178.8,4419.999999999995,1040.0000000000005,8904.0,2580.0,3584.0,120.0,2024.0,13570.8,936.0,0.0,0.0,0.0,0.0,5108.0
3106794,6,70000.0,31875.999999999993,5539.999999999995,2399.9999999999964,7068.0,4760.0,2960.0,1699.9999999999998,4452.0,1296.0,1700.0,0.0,0.0,0.0,0.0,824.0
3110234,6,56879.0,20280.000000000004,3380.000000000001,1560.0,7200.0,0.0,2140.0,0.0,3600.0,0.0,2400.0,0.0,0.0,0.0,0.0,0.0
3142234,5,46000.0,34440.00000000001,2936.000000000004,3360.0,5100.0,1404.0,2852.0,864.0,3240.0,9496.0,4524.0,664.0,0.0,0.0,0.0,0.0
3144284,2,11850.6,20402.40000000001,2696.000000000004,1376.000000000004,10800.0,0.0,1488.0,500.0,1916.0,1326.4,300.0,0.0,0.0,0.0,0.0,0.0
3146784,2,19095.0,12163.999999999998,3120.0,104.00000000000003,4500.0,0.0,2280.0,0.0,840.0,480.0,840.0,0.0,0.0,0.0,0.0,0.0
3148694,7,74538.0,36806.39999999997,3639.9999999999964,7800.0,10800.0,684.0,5756.0,1400.0000000000002,1344.0,3946.4,1436.0,0.0,0.0,0.0,0.0,0.0
3149244,3,27000.0,29975.999999999996,4419.999999999995,3120.0,15000.0,1308.0,1520.0,788.0,1824.0,1028.0,668.0,0.0,300.0,0.0,0.0,0.0
3149474,7,74743.4,26028.000000000004,4160.000000000005,3639.9999999999964,10500.0,2372.0,968.0,20.00000000000004,3580.0,0.0,588.0,0.0,200.0,0.0,0.0,0.0
3150764,4,31347.6,20750.400000000005,3380.0000000000036,2136.0,9948.0,0.0,1560.0,0.0,360.0,1326.4,2040.0,0.0,0.0,0.0,0.0,0.0
3150824,3,20844.0,21038.400000000012,2860.000000000005,1040.0000000000005,5568.0,2000.000000000004,3848.0,80.00000000000003,1496.0,1326.4,420.0,0.0,2400.0,0.0,0.0,3540.0
3150914,2,18127.6,20834.4,2575.999999999995,1672.0000000000007,8400.0,480.0,4500.0,260.0,600.0,1326.4,1020.0,0.0,0.0,0.0,0.0,0.0
3151064,7,74662.0,42334.40000000002,4160.000000000005,2600.000000000004,7872.000000000004,6800.000000000004,1900.0,2060.0,2404.0000000000005,5922.400000000001,5572.0,24.0,3020.0,0.0,0.0,5856.000000000004
3151564,6,63600.0,33487.999999999985,3379.999999999995,1299.999999999996,9444.0,3504.0,2736.0,2560.0,5104.0,1840.0,2820.0,0.0,800.0,0.0,0.0,1168.0
3151844,2,12022.0,20010.400000000005,1632.000000000004,28.0,5400.0,2120.0,1504.0,204.0,2432.0,1954.4,1212.0,0.0,3524.0,0.0,0.0,0.0
3164634,2,13510.0,13756.000000000002,1560.0000000000002,519.9999999999995,4800.0,720.0,1056.0,428.0,24.0,748.0,3500.0,0.0,400.0,0.0,0.0,0.0
3165924,3,21511.0,18918.000000000004,1820.0000000000002,260.0000000000004,3960.0,1727.9999999999995,2604.0,32.0,2156.0,4286.0,348.0,1603.9999999999993,120.0,0.0,0.0,1080.0
3167054,4,31500.0,24675.999999999996,3792.0,1563.999999999996,7080.0,0.0,1248.0,320.0,2280.0,5884.0,1260.0,1248.0,0.0,0.0,0.0,0.0
3168634,5,42142.0,27753.99999999999,4299.999999999996,519.9999999999995,4668.0,3564.000000000001,908.0,663.9999999999995,1708.0,7137.999999999995,1504.0,1000.0,1780.0,0.0,0.0,992.0
3168964,1,5350.0,24106.000000000004,1560.0,1820.000000000004,3599.9999999999964,4320.0,3340.0,1600.0,5107.999999999999,1542.0,1216.0,0.0,0.0,0.0,0.0,3423.9999999999964
3170064,3,23980.8,30176.000000000004,5199.999999999995,1640.000000000004,9840.0,304.0,1308.0,600.0000000000005,2096.0,8000.0,1188.0,0.0,0.0,0.0,0.0,0.0
3172284,5,49400.0,42323.999999999985,4995.999999999995,1299.999999999996,13680.0,8820.0,4608.0,1432.0,4020.0,96.0,1212.0,960.0,1200.0,0.0,0.0,4803.999999999996
3172684,4,30502.0,27142.0,2859.999999999996,2600.000000000004,9588.0,1080.0,1780.0,740.0,1900.0,4674.0,1600.0,320.0,0.0,0.0,0.0,0.0
3172944,2,18120.0,14914.000000000002,3432.0,207.9999999999996,3864.0,995.9999999999999,1372.0,528.0,284.00000000000006,2653.9999999999995,1008.0,468.0,100.0,0.0,0.0,0.0
3173364,7,71200.0,48843.99999999997,3636.0,1299.999999999996,23400.0,1432.0,3372.0,1663.999999999996,2028.0,6424.0,5588.0,0.0,0.0,0.0,0.0,0.0
3173964,1,2004.0,15418.000000000004,2444.000000000004,1040.0000000000005,3900.0,0.0,992.0,100.0,4156.0,1994.0,632.0,0.0,160.0,0.0,0.0,0.0
3188513,5,41648.0,25892.0,1664.000000000004,1707.9999999999998,8400.0,1484.0,312.0,140.0,1864.0,7368.0,2160.0,232.0,560.0,0.0,0.0,0.0
3189673,1,3220.0,11440.000000000004,2340.0,2340.0,2832.0,624.0,360.0,2055.9999999999995,36.0,472.0,360.0,0.0,20.0,0.0,0.0,0.0
3190473,7,147693.2,34260.0,3639.9999999999964,2079.999999999996,6600.000000000004,8600.0,2640.0,0.0,900.0,8960.0,840.0,0.0,0.0,0.0,0.0,5600.000000000005
3191183,2,11254.0,8284.000000000004,2000.000000000004,24.0,4548.0,0.0,616.0,220.0,0.0,0.0,876.0,0.0,0.0,0.0,0.0,0.0
3191543,2,14942.4,21096.000000000007,780.0,104.00000000000003,18000.0,16.0,1212.0,120.0,600.0,0.0,264.0,0.0,0.0,0.0,0.0,0.0
3192433,6,69000.0,34383.99999999999,3380.0000000000036,1299.999999999996,9108.0,3731.999999999996,3808.0,1156.0,7319.999999999999,1956.0,1308.0,36.0,1280.0,0.0,0.0,2104.0
3192593,5,40383.0,37510.79999999999,4887.999999999995,1560.0,9540.0,7696.000000000004,1036.0,1208.0,3460.0,5226.8,648.0,468.0,1780.0,0.0,0.0,0.0
3193333,1,4718.6,8052.000000000001,1124.0,260.0000000000004,1920.0,120.0,480.0,676.0000000000001,72.0,3400.0,0.0,0.0,0.0,0.0,0.0,0.0
3193513,4,38700.0,27254.799999999985,3900.0,1299.999999999996,18000.0,0.0,564.0,271.99999999999994,748.0000000000001,1258.8000000000002,1212.0,0.0,0.0,0.0,0.0,0.0
3206103,4,35250.0,19982.400000000005,2340.0,3900.0,3600.0,0.0,2040.0,640.0,1236.0,3926.4000000000037,2300.0,0.0,0.0,0.0,0.0,0.0
3208283,2,13389.0,20170.400000000012,2340.0,519.9999999999995,7716.0,1919.9999999999995,2284.0,200.00000000000006,300.0,2930.399999999999,720.0,1040.0000000000005,200.0,0.0,0.0,2700.0
3209883,2,19094.8,16250.399999999998,3680.0000000000036,1040.0000000000005,6000.0,180.0,2000.0,1624.0000000000002,400.00000000000045,1326.4,0.0,0.0,0.0,0.0,0.0,0.0
3210353,2,20000.0,19282.4,2600.000000000004,1040.0000000000005,4260.0,1860.0,1560.0,0.0,3367.9999999999995,4010.3999999999996,584.0,0.0,0.0,0.0,0.0,0.0
3210513,2,14781.6,26110.4,2883.999999999996,980.0,7956.0,5224.000000000004,2764.0,120.0,2104.0,2682.3999999999996,1396.0,0.0,0.0,0.0,0.0,3768.0
3214163,1,7897.0,12570.400000000005,2140.0000000000045,519.9999999999995,6600.0,560.0,540.0,84.0,540.0,1326.4,260.0,0.0,0.0,0.0,0.0,0.0
3215303,4,31000.0,23164.000000000004,2859.999999999999,1040.0000000000005,9600.0,64.0,948.0,1460.0000000000002,3052.0,0.0,1140.0,0.0,3000.0,0.0,0.0,0.0
3216183,2,10354.0,22206.400000000005,3380.0000000000036,1299.999999999996,6800.000000000004,376.0,5004.0,500.0,1684.0,1650.4,1512.0,0.0,0.0,0.0,0.0,0.0
3228353,5,49765.0,30605.999999999996,5720.000000000001,1419.9999999999998,4200.0,1360.0000000000005,2560.0,3096.0000000000005,3356.0,6158.0,1896.0,240.0,600.0,0.0,0.0,3612.0
3234843,1,2600.0,18064.000000000007,3536.0000000000036,1560.0,5448.0,3088.000000000004,2256.0,316.0,0.0,1320.0,540.0,0.0,0.0,0.0,0.0,1188.0
3235753,2,13632.0,12180.000000000002,780.0,519.9999999999995,3564.0,1300.0,544.0,120.0,360.0,1572.0,1320.0,0.0,2100.0,0.0,0.0,0.0
3236053,4,38000.0,62627.99999999997,4839.999999999996,5679.999999999996,14364.0,7104.0,4488.0,4700.0,12612.0,4970.0,3500.0,170.00000000000037,200.0,0.0,0.0,6216.0
3250172,3,20058.0,14756.000000000005,2600.000000000004,519.9999999999995,2400.0,2160.0,3924.0,100.0,0.0,3052.0,0.0,0.0,0.0,0.0,0.0,1256.0
3251054,7,74517.6,36343.999999999985,4239.999999999996,2600.000000000004,24000.0,120.0,1148.0,600.0,1000.0000000000001,120.0,2276.0,0.0,240.0,0.0,0.0,0.0
3251062,2,13498.0,15275.999999999995,1040.0000000000005,1040.0000000000005,11700.0,0.0,1320.0,20.00000000000004,0.0,36.0,0.0,0.0,120.0,0.0,0.0,0.0
3251832,4,30296.0,40490.79999999998,6240.0,1040.0000000000005,10200.0,4152.0,4476.0,2180.0000000000005,4104.0,2186.8,4712.0,0.0,1200.0,0.0,0.0,0.0
3252982,6,56553.0,37302.79999999999,4379.999999999996,1455.999999999996,6972.0,6096.0,1800.0,3332.0,3496.0,3406.7999999999997,4432.0,432.0,1500.0,0.0,0.0,3516.0
3253532,7,80373.8,49962.799999999996,3120.0,3900.0,17712.0,10152.0,2552.0,2868.0,2956.0,2758.7999999999997,2744.0,0.0,1200.0,0.0,0.0,6892.0
3253552,2,12262.0,12478.799999999994,2079.999999999996,780.0,2679.999999999996,240.0,1120.0,1200.0,2040.0,2058.8,280.0,0.0,0.0,0.0,0.0,0.0
3254412,2,14284.0,17306.8,2859.999999999999,519.9999999999995,5400.0,684.0,2116.0,140.0,1800.0,1258.8000000000002,2528.0,0.0,0.0,0.0,0.0,0.0
3254792,6,56000.0,19271.999999999993,2631.999999999996,780.0,6000.0,360.0,1488.0,328.0,3856.0,2964.0,624.0,240.0,0.0,0.0,0.0,0.0
3254952,3,24358.8,24734.799999999992,2199.999999999996,1020.0,1044.0,6140.0,3080.0,132.0,1392.0,3802.7999999999997,5504.0,20.0,400.0,0.0,0.0,740.0
3255582,6,55227.4,50759.99999999999,6459.999999999995,1680.0,11376.0,10108.000000000004,1956.0,4743.999999999999,3852.0,4680.0,4524.0,60.0,1320.0,0.0,0.0,3860.0
3257313,7,104625.0,35862.799999999996,552.0000000000005,7620.0,12660.0,2872.0,1896.0,400.0,3608.0,4046.8,1808.0,0.0,400.0,0.0,0.0,0.0
3257602,7,77794.4,23018.800000000007,936.0,156.0,7200.0,5332.000000000008,3444.0,488.0000000000004,692.0,3498.7999999999997,792.0,0.0,480.0,0.0,0.0,6900.0
3273652,1,6000.0,35142.39999999999,3819.999999999999,584.0,7128.0,4683.999999999996,5820.0,159.99999999999963,5548.0,5166.4,948.0,384.0,900.0,0.0,0.0,3804.0
3275352,5,48741.0,60334.40000000001,1016.0,5032.0,27704.0,4599.999999999996,5100.0,1200.0,7956.000000000004,3966.3999999999996,2160.0,0.0,1600.0,0.0,0.0,0.0
3276112,2,14000.0,20620.000000000004,3120.0,1040.0000000000005,9708.0,1240.0,2488.0,120.0,1680.0,0.0,1224.0,0.0,0.0,0.0,0.0,0.0
3276482,2,12000.0,10908.000000000007,2840.000000000004,1040.0000000000005,3300.0,0.0,1800.0,39.999999999999964,1888.0,0.0,0.0,0.0,0.0,0.0,0.0,0.0
3276662,5,48886.0,39776.000000000015,4160.000000000005,4160.000000000005,12300.0,3980.0,5400.0,640.0000000000007,5300.0,2235.999999999996,400.0,0.0,1200.0,0.0,0.0,7748.0
3276842,5,43182.0,21550.4,2600.000000000004,2031.9999999999998,8640.0,0.0,84.0,0.0,3328.0,4486.4,380.0,0.0,0.0,0.0,0.0,0.0
3278772,1,9912.0,17580.0,4004.0000000000036,1299.999999999996,7908.0,0.0,2400.0,240.0,300.0,180.0,0.0,1248.0,0.0,0.0,0.0,0.0
3278852,5,40811.2,36620.0,4680.0,1560.0,8220.0,8512.0,3528.0,1180.0,1500.0,6032.000000000005,1008.0,0.0,400.0,0.0,0.0,7124.0
3279402,3,28000.0,16488.0,2079.999999999996,519.9999999999995,5208.0,1200.0,3464.0,0.0,1028.0,552.0,1636.0,0.0,800.0,0.0,0.0,1168.0
3279413,2,12418.0,14594.400000000001,3639.999999999999,260.0000000000004,4260.0,0.0,1080.0,0.0,480.0,3774.3999999999996,640.0,160.0,300.0,0.0,0.0,0.0
3294232,3,26562.0,20975.999999999993,4679.999999999996,1040.0000000000005,6300.0,2532.0,2716.0,592.0000000000001,1832.0000000000002,0.0,1084.0,120.0,80.0,0.0,0.0,1376.0
3297532,1,1525.0,9527.999999999995,2079.999999999996,519.9999999999995,936.0,0.0,1644.0,0.0,3288.0,0.0,1060.0,0.0,0.0,0.0,0.0,0.0
3297672,2,11530.0,22470.000000000007,4160.000000000005,260.0000000000004,7800.0,3608.0,4544.0,260.0,132.0,1394.0,0.0,312.0,0.0,0.0,0.0,752.0
3298882,3,25264.0,16406.000000000004,1820.000000000004,1819.9999999999955,8400.0,0.0,1592.0,0.0,0.0,1682.0,1092.0,0.0,0.0,0.0,0.0,0.0
3301952,3,24487.0,12531.999999999995,1040.0000000000005,104.00000000000003,5820.0,1256.0,1896.0,20.00000000000004,876.0,100.0,1320.0,80.0,20.0,0.0,0.0,0.0
3302872,3,20662.0,22073.999999999996,6359.999999999996,1299.999999999996,9600.0,0.0,1580.0,220.0,1020.0,1794.0,200.0,0.0,0.0,0.0,0.0,0.0
3324531,2,10462.0,10148.000000000002,1560.0,519.9999999999995,5400.0,336.0,420.0,0.0,1360.0,0.0,552.0,0.0,0.0,0.0,0.0,0.0
3325381,7,96884.0,27984.00000000001,5400.0,1400.0000000000002,3480.0,944.0,1796.0,3484.0,4968.0,3608.0000000000036,260.0,1524.0,1120.0,0.0,0.0,0.0
3326881,6,52580.0,44002.799999999974,4359.999999999996,1760.0000000000002,11871.999999999996,8532.0,2092.0,1160.0,2632.0,6334.800000000001,4860.0,0.0,400.0,0.0,0.0,3252.0
3327631,7,75953.8,34724.0,6979.999999999992,1280.0000000000002,4548.0,1800.0,3204.0,360.0,12104.0,3088.0,360.0,0.0,1000.0,0.0,0.0,1500.0
3328701,6,60000.0,21300.000000000004,2340.0,1560.0,5412.0,3380.000000000004,5444.0,240.0,1680.0,308.0,936.0,0.0,0.0,0.0,0.0,2492.0
3328721,1,8662.0,19570.80000000001,2696.000000000004,1376.000000000004,4320.0,2548.0,3772.0,0.0,600.0,4258.8,0.0,0.0,0.0,0.0,0.0,2960.0
3328931,4,34132.0,26970.8,5720.000000000005,519.9999999999995,6732.0,0.0,1172.0,428.00000000000006,10384.0,1774.8000000000002,240.0,0.0,0.0,0.0,0.0,0.0
3329121,2,13570.0,19504.000000000004,1299.999999999996,260.0000000000004,3816.0,2224.0,1284.0,120.00000000000006,6728.0,600.0,1692.0,80.0,1400.0,0.0,0.0,0.0
3329501,2,12138.0,20272.800000000003,4940.000000000005,1299.999999999996,5640.0,1050.0000000000005,3028.0,440.0,1836.0,1258.8000000000002,780.0,0.0,0.0,0.0,0.0,1532.0
3330151,2,12874.0,17206.799999999992,3900.0000000000005,1299.999999999996,8400.0,0.0,348.0,159.99999999999963,784.0,1606.8000000000002,708.0,0.0,0.0,0.0,0.0,0.0
3330401,2,13462.0,11967.999999999998,2859.999999999996,1560.0,6300.0,0.0,848.0,99.99999999999997,240.0,60.0,0.0,0.0,0.0,0.0,0.0,0.0
3337421,1,7900.0,23511.999999999996,4471.999999999995,312.0,14400.0,540.0,624.0,464.0000000000004,1608.0,0.0,732.0,360.0,0.0,0.0,0.0,0.0
3337801,2,19960.0,14470.400000000003,3640.000000000005,519.9999999999995,4500.0,0.0,1188.0,308.0000000000004,852.0,2814.3999999999996,408.0,0.0,240.0,0.0,0.0,0.0
3338061,2,11336.0,17526.4,2340.0,936.0,24.0,784.0,8468.0,1936.0,636.0,1422.4,160.0,820.0,0.0,0.0,0.0,0.0
3340541,3,22862.0,26971.99999999999,6759.999999999996,519.9999999999995,10080.0,0.0,2088.0,120.0,5140.0,700.0,1044.0,519.9999999999995,0.0,0.0,0.0,0.0
3340921,6,65000.0,33612.00000000001,3560.000000000004,1040.0000000000005,11820.0,10920.000000000004,2416.0,216.0,2160.0,960.0,40.0,0.0,480.0,0.0,0.0,1172.0
3341621,4,31900.0,23910.399999999994,699.9999999999995,24.0,6420.0,5480.0,2992.0,0.0,4876.0,2818.3999999999996,360.0,240.0,0.0,0.0,0.0,2260.0
3342451,6,58286.6,34971.999999999985,4260.0,2319.999999999996,5148.0,6987.999999999996,2300.0,811.9999999999998,3432.0,6860.0,2852.0,0.0,0.0,0.0,0.0,2928.0
3342571,7,73062.0,29714.400000000005,1820.000000000004,1040.0000000000005,7368.0,13840.0,2400.0,120.0,480.0,1326.4,1320.0,0.0,0.0,0.0,0.0,1856.0
3342833,1,9233.0,6508.000000000005,1664.000000000004,260.0000000000004,3672.0,0.0,200.0,112.0,120.0,360.0,0.0,0.0,120.0,0.0,0.0,0.0
3342951,3,29000.0,28787.999999999993,1560.0,519.9999999999995,10800.0,4580.0,2280.0,399.9999999999996,1048.0,6000.0,0.0,0.0,1600.0,0.0,0.0,6288.0
3343531,3,21000.0,47574.39999999999,10400.000000000004,5199.999999999995,9300.0,3960.0,3728.0,1920.0000000000002,6220.0,3786.3999999999996,1080.0,0.0,1980.0,0.0,0.0,0.0
3345491,2,10798.0,16059.999999999996,1323.999999999996,24.0,6192.0,3536.0000000000005,2500.0,0.0,1044.0,888.0,552.0,0.0,0.0,0.0,0.0,1972.0
3345691,2,14616.4,17588.000000000004,3380.000000000004,1560.0,9600.0,0.0,540.0,0.0,1200.0,0.0,1308.0,0.0,0.0,0.0,0.0,0.0
3347451,3,25822.0,24745.99999999999,1299.999999999996,519.9999999999995,2976.0,3027.999999999996,1728.0,0.0,10024.0,3754.0,1416.0,0.0,0.0,0.0,0.0,2176.0
3349141,4,30776.8,33987.99999999999,3120.0,2079.999999999996,5508.0,5494.0,3224.0,811.9999999999999,1548.0,10662.0,1540.0,0.0,0.0,0.0,0.0,836.0
3349171,2,17453.0,31249.999999999993,3132.0,1383.9999999999998,13308.0,3087.999999999996,3804.0,1500.0,1860.0,1442.0,1492.0,240.0,0.0,0.0,0.0,8864.0
3350341,2,17266.0,13498.000000000002,884.0000000000005,1316.0000000000002,3260.0000000000036,108.0,856.0,604.0,1856.0,3509.9999999999995,504.0,0.0,600.0,0.0,0.0,0.0
3350881,3,21034.0,26131.999999999996,8060.000000000004,1299.999999999996,3840.0,1638.0,2208.0,971.9999999999998,1676.0,4662.0,1776.0,0.0,0.0,0.0,0.0,0.0
3351331,7,116000.0,43751.99999999999,3120.0,1040.0000000000005,6540.0,8700.0,5280.0,0.0,13072.0,3360.0,2640.0,0.0,0.0,0.0,0.0,3952.0
3352061,2,16189.6,32138.000000000007,4004.000000000004,1656.000000000004,16200.0,3216.0,916.0,480.0,1364.0,2913.9999999999995,804.0,0.0,584.0,0.0,0.0,0.0
3352511,3,21214.0,14036.000000000007,2720.000000000004,519.9999999999995,2800.0,878.0,2300.0,660.0,1964.0,1554.0,640.0,0.0,0.0,0.0,0.0,0.0
3354921,6,68750.4,52827.99999999997,4443.999999999995,3663.9999999999964,21684.0,13039.999999999996,5084.0,1000.0,2568.0,1344.0,0.0,0.0,0.0,0.0,0.0,2296.0
